AccountId,UsdAmount,duration
10141,5000.0,0
10150,24951.0,60
10158,10000.0,13
10164,10000.0,0
10169,2000.0,832
10173,680.0,822
10176,450.0,821
10183,500.0,819
10186,900.0,819
10190,350.0,819
10192,2000.0,818
10193,10000.0,0
10194,250.0,818
10195,500.0,818
10196,240.0,818
10198,500.0,817
10201,10.0,815
10203,250.0,814
10204,1000.0,814
10205,500.0,813
10207,200.0,813
10208,240.0,813
10210,10.0,813
10211,250.0,812
10213,250.0,808
10215,3260.0,807
10216,4900.0,807
10217,500.0,807
10220,6000.0,805
10224,500.0,803
10225,1950.0,803
10228,3700.0,801
10229,450.0,801
10230,500.0,801
10232,950.0,801
10236,1250.0,800
10238,500.0,800
10239,500.0,800
10240,2000.0,800
10244,250.0,799
10246,450.0,799
10251,2500.0,798
10252,450.0,797
10253,150.0,797
10254,2500.0,796
10256,2000.0,793
10263,10000.0,0
10264,2000.0,792
10266,2700.0,792
10268,450.0,792
10269,4000.0,792
10272,5000.0,791
10273,450.0,791
10276,300.0,790
10279,17000.0,1
10281,500.0,790
10284,499.0,789
10297,750.0,784
10298,5000.0,784
10304,5000.0,784
10306,5000.0,783
10314,400.0,779
10315,6000.0,778
10320,7000.0,777
10322,500.0,777
100000,2012002.0,570
100001,1000.0,447
100012,100002.0,1
100014,8500.0,772
100019,500.0,771
100021,111112213231.0,0
100028,3000.0,272
100031,200.0,0
100036,1000.0,270
100037,11000.0,800
100038,10.0,0
100039,5000.0,270
100040,708.0,0
100049,2300.0,0
100052,11500.0,265
100056,9900.0,0
100057,20590.0,0
100058,5000.0,264
100061,499.0,0
100063,1950.0,0
100064,2000.0,0
100066,3000.0,0
100067,2000.0,259
100068,500.0,259
100069,2.0,0
100071,500.0,0
100072,1200.0,0
100073,500.0,0
100074,47000.0,258
100075,500.0,0
100076,450.0,258
100077,600.0,0
100078,1000.0,257
100080,20000.0,257
100082,5000.0,257
100083,550.0,0
100085,2600.0,256
100086,4500.0,0
100087,500.0,0
100088,500.0,0
100089,750.0,255
100090,40801.0,118
100091,9000.0,253
100093,1.0,0
100094,5000.0,0
100096,500.0,0
100099,700.0,0
100100,333.0,0
100101,500.0,0
100104,2000.0,250
100107,1000.0,0
100108,500.0,247
100112,500.0,0
100114,500.0,0
100115,250.0,0
100116,1087.0,0
100117,250.0,0
100118,500.0,0
100119,490.0,0
100120,480.0,0
100124,56.0,643
100125,6190.0,22
100129,24700.0,594
100140,2500.0,29
100149,8100.0,398
100152,500.0,0
100155,7.163,0
100162,450.0,0
100194,500.0,0
100203,2600.0,0
100205,12.0,0
100212,240.0,1
100213,500.0,0
100223,5000.0,0
100237,6000.0,0
100239,5500.0,0
100240,500.0,0
100245,500.0,39
100250,480.0,0
100263,500.0,0
100264,550.0,228
100266,500.0,0
100310,1000.0,4
100347,35.0,0
100355,1193.84,0
100368,5000.0,0
100369,2500.0,0
100377,500.0,0
100379,145.0,12
100397,169.764,0
100415,500.0,0
100450,500.0,0
100452,450.0,0
100455,1193.84,0
100467,1987.9184,193
100470,1500.0,0
100493,500.0,0
100511,500.0,220
100568,500.0,0
100569,250.0,0
100574,1980.0,48
100580,2000.0,1
100581,500.0,0
100595,1000.0,33
100597,500.0,20
100598,5000.0,0
100648,500.0,0
100660,5000.0,0
100687,250.0,0
100688,179.076,0
100693,1000.0,214
100703,500.0,0
100728,1000.0,0
100773,500.0,0
100775,500.0,0
100783,600.0,0
100786,2000.0,211
100789,1500.0,0
100793,500.0,0
100794,1000.0,0
100817,333.0,0
100822,11000.0,0
100827,10.0,209
100828,500.0,209
100829,11000.0,209
100831,490.0,0
100850,100000.0,217
100861,596.92,187
100863,270039.9,761
100882,0.1194,0
100900,1.0,0
100915,5.0,0
100929,500.0,0
100932,1.0,0
100937,1.0,0
100939,450.0,0
100942,1500.0,206
100989,1000.0,0
101002,9.0,135
101004,596.92,0
101017,500.0,0
101023,200.0,0
101025,501.0,0
101046,5000.0,0
101050,332.0,0
101060,500.0,0
101079,500.0,0
101087,2626.448,483
101088,1200.0,0
101090,129.3,0
101091,1500.0,0
101094,500.0,0
101098,14500.0,201
101100,2000.0,0
101102,1.0,0
101104,2500.0,0
101105,500.0,0
101107,500.0,0
101110,510.0,0
101115,1000.0,0
101121,100.0,0
101123,1600.0,0
101125,1084.35,298
101133,2000.0,0
101140,1900.0,312
101144,18500.0,200
101145,5000.0,200
101146,500.0,0
101148,1.1938,0
101154,300.0,208
101179,60.0,0
101181,1750.0,0
101185,1200.0,0
101189,500.0,0
101193,5000.0,0
101221,700.0,20
101233,500.0,0
101251,2250.0,111
101295,100.0,0
101333,4000.0,197
101361,500.0,139
101365,2.0,0
101369,500.0,0
101393,200.0,0
101402,100.0,0
101404,14050.0,263
101407,500.0,7
101408,50.0,0
101412,1500.0,0
101422,500.0,0
101450,549.99,621
101451,750.0,0
101454,18000.0,193
101459,585.0,193
101479,1000.0,192
101496,2500.0,0
101507,100.0,0
101510,119.384,0
101521,120.5778,0
101523,11.9384,0
101526,12.0,0
101552,0.61,0
101585,500.0,0
101587,2000.0,0
101608,1100.0,1
101611,100.0,0
101616,50.0,0
101627,500.0,188
101630,100.0,0
101631,1200.0,0
101632,2000.0,187
101633,500.0,0
101639,78500.0,222
101642,599.3077,14
101646,50.0,5
101657,142500.0,172
101660,500.0,0
101667,1.0,0
101669,500.0,185
101676,120.0,0
101711,250.0,0
101715,250.0,0
101727,500.0,0
101730,265.0,0
101733,1000.0,181
101736,500.0,180
101739,500.0,0
101740,1000.0,0
101748,1000.0,0
101759,750.0,0
101762,17370.0,178
101770,3.0,0
101773,300.0,0
101778,1000.0,1
101781,100.0,0
101787,40700.0,162
101794,150.0,0
101817,499.0,173
101824,500.0,0
101834,16950.0,33
101840,1000.0,0
101842,10.0,0
101844,250.0,0
101854,1000.0,0
101855,4000.0,172
101859,4500.0,2
101860,500.0,0
101881,115.0,0
101889,5000.0,0
101892,250.0,0
101895,238.768,0
101896,2000.0,0
101897,1000.0,0
101905,40.0,0
101914,250.0,0
101916,250.0,0
101921,1000.0,0
101932,500.0,0
101971,10.0,0
101996,115.0,0
101998,25.0,0
102013,110.0,0
102018,250.0,0
102022,6260.0,161
102027,4500.0,0
102077,16500.0,363
102080,500.0,158
102087,2.0,0
102102,100000000.0,0
102119,50.0,0
102138,10.0,0
102172,499.0,0
102185,100.0,0
102199,10.0,0
102234,10.0,0
102296,580.0,54
102325,5755.7,262
102346,5000.0,327
102363,1210.0,85
102411,500.0,0
102417,596.92,50
102433,1000.0,41
102448,1500.0,0
102455,12500.0,27
102461,700.0,0
102468,1000.0,0
102483,990.0,0
102484,2000.0,0
102504,3500.0,81
102519,10.0,0
102525,11.9384,0
102534,100.0,0
102546,290.0,0
102552,950.0,0
102565,11500.0,82
102567,8200.0,597
102613,11000.0,20
102649,1000.0,35
102688,1200.0,0
102705,791.28,1
102719,100000.0,519
102733,500.0,0
102748,100.0,0
102750,3450.0,77
102791,600.0,0
102797,2414.0,91
102803,335.7779,243
102860,7000.0,148
102872,600.0,0
102885,500.0,0
102913,1007.8408000000001,44
102960,119.384,0
102984,2000.0,103
103069,250.0,0
103094,500.0,0
103096,10.0,0
103097,265.0,2
103116,537.9504999999999,8
103136,10.0,0
103168,1.0,0
103313,577.1875,0
103397,5500.0,196
103470,2259.5,10
103491,500.0,29
103512,596.92,0
103538,750.0,290
103666,250.0,0
103722,250.0,15
103732,400.0,145
103740,20.0,0
103778,410.0,34
103797,477.536,45
103805,500.0,0
103838,1200.0,1
103869,530.0,15
103907,1500.0,54
103914,250.0,91
103915,500.0,44
103935,22500.0,493
104054,2.0,0
104277,15500.0,78
104287,500.0,0
104303,1000.0,83
104352,550.0,17
104489,250.0,0
104508,1000.0,0
104612,5946.032400000001,584
104630,16311.0,434
104659,500.0,136
104789,500.0,31
104806,505.61,0
104824,250.0,161
104826,500.0,0
104845,119.384,9
104881,50.0,0
104983,503.15,31
105011,1000.0,0
105012,1000.0,0
105150,250.0,0
105206,54986.0,142
105211,500.0,32
105281,1.0,0
105282,302.0,55
105284,100.0,0
105287,300.0,0
105291,100.0,25
105393,250.0,107
105398,500.0,0
105404,500.0,0
105456,1.0,0
105490,500.0,87
105504,300.0,0
105593,250.0,32
105595,250.0,38
105600,90.1056,0
105605,500.0,0
105606,295.775,0
105647,508.35,0
105659,1.0,0
105660,1.1806,0
105678,2270.0,248
105695,500.0,7
105766,150.0,0
105792,500.0,73
105840,10.0,0
105878,5.12,71
105937,500.0,10
105940,240.0,0
105988,445.65,9
106102,200.0,0
106138,400.0,44
106155,6300.0,192
106160,500.0,19
106237,250.0,21
106282,350.0,0
106323,500.0,56
106335,500.0,78
106341,29.0,17
106343,1000.72,0
106351,4.0,0
106372,578.945,21
106374,579.39,21
106375,579.845,20
106376,579.745,20
106377,579.85,20
106378,580.215,0
106379,580.22,20
106380,580.35,20
106381,580.14,20
106382,580.045,20
106397,116.349,0
106461,257.356,11
106534,200.0,0
106536,266.2873,69
106542,250.0,32
106648,291.3625,0
106686,117.278,0
106688,234.482,0
106692,117.305,0
106698,250.0,0
106700,2.3443,0
106735,279.5688,0
106756,350.85299999999995,0
106808,10250.0,395
106822,250.0,86
106839,65430.0,176
106912,819.3789999999999,14
106999,260.0,0
107012,250.0,0
107111,1053.288,0
107309,1250.0,0
107316,201215.96490000002,363
107328,400.0,0
107342,4192.43,29
107465,250.0,11
107482,500.0,0
107496,505.35,41
107506,250.0,7
107525,255.585,20
107566,1400.0,61
107571,1596164.6699999995,319
107579,255.2066,0
107638,250.0,499
107808,500.0,0
107821,250.0,0
107886,500.0,43
107887,1166.13,98
107945,250.0,354
107972,250.0,11
107985,300.0,3
108030,4395.0,97
108044,250.0,173
108062,210.0,456
108072,250.0,3
108078,361.0285,8
108100,250.0,159
108105,474.46099999999996,414
108112,1000.0,90
108140,250.23,351
108218,520.0,111
108239,3697.0200000000004,508
108252,1000.0,0
108278,250.0,141
108280,250.0,47
108301,300.0,53
108308,250.0,10
108341,23.3848,1
108387,250.75,3
108404,240.0,6
108437,700.0,17
108446,266.9794,0
108452,1200.0,47
108456,250.0,141
108458,22228.18,66
108462,5765.3264,501
108473,22.8504,0
108533,2000.0,77
108539,234.0,0
108544,250.0,175
108546,2650.0,289
108596,245.0,0
108598,340.0,137
108631,500.1072,20
108783,585.5840000000001,59
108827,250.0,23
108836,999.52,56
108850,250.0,0
108864,250.0,73
108866,250.98,22
108868,289.85,0
108900,250.0,0
108927,500.0,37
108934,5705.62,490
109000,5000.0,22
109015,250.0,19
109022,250.0,25
109024,100.0,22
109025,1000.0,5
109031,50.0,0
109036,1453.35,95
109076,1100.0,191
109109,50.0,0
109112,250.0,27
109118,250.0,0
109143,250.0,362
109147,700.0,1
109150,20000.0,0
109151,10.0,0
109189,250.0,75
109203,250.0,0
109373,854.4,62
109407,250.0,0
109449,250.0,35
109467,10100.01,238
109482,250.0,3
109484,2000.0,11
109490,270.0,398
109551,89850.0,497
109579,7750.0,125
109583,10000.0,439
109591,500.0,49
109671,250.0,3
109678,250.0,0
109693,500.0,26
109714,250.0,14
109738,7500.0,150
109763,250.0,0
109766,20.0,0
109797,300.0,0
109834,245.0,152
109843,750.0,39
109918,1000.0,2
109943,500.0,204
110003,500.0,511
110007,500.0,0
110041,656.73,22
110079,507.0,14
110089,310.0,227
110095,250.0,0
110321,1889.0,303
110336,70.0,0
110337,920.0,130
110340,384.8856,33
110386,250.0,0
110396,34392.52999999999,312
110397,8900.0,93
110398,250.0,0
110499,3.0,0
110557,250.0,28
110621,5800.0,68
110629,1000.0,0
110660,500.0,0
110674,500.0,43
110690,250.0,26
110705,250.0,0
110712,250.0,19
110718,499.0,0
110728,250.0,0
110748,250.0,23
110786,250.0,0
110789,381.93,0
110793,3140.0,214
110830,250.0,125
110937,100.0,8
110967,10.0,0
111006,500.0,77
111119,500.0,21
111166,250.0,1
111181,3700.0,51
111217,95555.67,455
111221,250.0,90
111223,4274.0,477
111229,250.0,6
111245,1000.0,0
111283,250.0,17
111298,251.67,0
111329,5200.0,91
111337,250.0,79
111342,244.0,60
111354,250.0,0
111422,250.0,16
111447,250.0,0
111460,250.0,27
111538,250.0,0
111546,1000.0,0
111554,250.0,0
111735,870.0,372
111743,250.0,0
111803,500.0,72
111867,250.0,297
111897,12450.0,138
111934,250.0,0
112049,250.43,87
112059,300.0,38
112070,250.0,0
112083,260.0,40
112086,1000.0,298
112090,250.0,0
112244,250.0,0
112252,600.0,95
112273,250.0,6
112385,250.51,41
112411,1245.0,58
112413,250.0,29
112446,249.28,0
112491,595.0,439
112542,2.0,0
112562,250.18,35
112566,250.0,7
112641,255.72,0
112653,250.0,0
112720,250.0,0
112731,252.98,0
112732,251.39,83
112784,58579.04,370
112916,300.0,0
112969,320.0,0
112991,250.0,155
112994,250.0,29
113016,500.0,47
113045,250.0,0
113123,250.0,330
113129,1000.0,0
113139,1523.8065,62
113181,250.0,88
113200,250.0,12
113254,578.3,12
113265,250.0,12
113276,300.0,26
113280,255.178,9
113298,1500.0,169
113300,250.34,64
113431,300.0,0
113454,245.0,50
113467,255.9861,0
113495,500.0,0
113524,1510.0,316
113528,500.0,0
113538,250.0,9
113558,1051.9425,0
113577,45000.0,313
113578,1171.36,8
113613,250.0,0
113627,260.38,62
113633,5.0,0
113635,512.0,153
113643,1000.0,0
113681,250.0,0
113745,250.0,190
113754,238.35000000000002,180
113810,260.0,13
113836,250.0,12
113986,2100.0,66
113988,347.9824,32
113995,252.47,7
114049,554.5,167
114084,250.0,6
114096,500.0,5
114153,250.0,42
114168,1580.0,300
114183,249.94,133
114188,250.0,0
114289,50.0,143
114323,250.0,0
114339,2520.0,190
114350,250.0,0
114358,250.0,62
114375,650.0,2
114379,212.0,0
114380,500.0,0
114385,1010.0,0
114506,500.0,0
114516,1000.0,15
114558,665.0,62
114563,256.66,39
114565,930.0,195
114614,251.79,190
114624,2758.58,244
114626,250.0,295
114632,1100.0,52
114726,1100.0,229
114732,1000.0,0
114740,1000.0,0
114764,250.0,31
114808,250.0,21
114814,50642.94,179
114838,250.0,48
114848,2498.0,8
114854,250.0,0
114880,400.0,222
114913,26250.9,171
114951,250.78,52
114959,250.0,208
114968,250.0,14
114985,1.0,0
114989,500.0,0
114991,100.0,0
114997,200.0,0
115054,501.95,3
115114,5.0,0
115116,1000.0,0
115130,508.04,0
115134,220.0,7
115136,5004.0,281
115173,250.0,73
115191,250.0,2
115202,564.302,0
115203,550.0,7
115210,1000.0,0
115214,4000.0,344
115215,1000.0,0
115223,250.0,57
115225,20.0,0
115234,1000.0,0
115235,250.0,238
115261,21554.9,386
115286,600.0,0
115298,1198.89,386
115302,1000.0,0
115325,250.0,0
115327,1000.0,0
115331,500.0,0
115366,250.0,47
115378,650.0,0
115400,250.0,0
115420,230.0,0
115438,351.0,4
115453,35.3481,0
115488,500.0,108
115490,250.0,0
115507,520.0,0
115533,250.0,6
115708,890.0,0
115712,250.0,0
115734,250.0,69
115738,250.0,34
115749,250.0,50
115757,3050.0,309
115810,80.0,0
115812,1176.51,0
115813,1000.0,0
115814,1000.0,0
115815,1000.0,0
115817,1000.0,0
115818,1000.0,0
115819,1000.0,0
115820,1000.0,0
115821,1000.0,0
115822,1000.0,0
115823,530.0,50
115824,1000.0,0
115825,1176.21,0
115826,1000.0,0
115827,1000.0,0
115828,1000.0,0
115829,1176.24,0
115830,1176.24,0
115831,1176.2,0
115832,1176.15,0
115833,1176.35,0
115834,1000.0,0
115836,1000.0,0
115838,1176.3,0
115840,1000.0,0
115842,1000.0,0
115868,1000.0,0
115869,1000.0,0
115870,1000.0,0
115871,1000.0,0
115872,1000.0,0
115874,1000.0,0
115875,1000.0,0
115876,1178.23,0
115878,1000.0,0
115879,1000.0,0
115880,1000.0,0
115881,1178.33,0
115882,1000.0,0
115884,1000.0,0
115885,1178.39,0
115886,1000.0,0
115889,1000.0,0
115895,600.0,114
115918,250.0,0
115921,1370.0,0
115925,4010.0,454
115959,270.0,0
115996,475.53999999999996,105
116019,3980.0,156
116024,403.0,229
116031,500.0,16
116035,250.0,42
116037,250.0,0
116056,500.0,0
116115,480.0,110
116116,300.0,6
116134,1000.0,0
116140,219.0,0
116179,6030.0,251
116202,6843.271000000001,66
116225,250.0,0
116232,500.0,27
116238,1000.0,0
116239,100.0,3
116243,4000.0,7
116267,695.0,16
116287,31880.93,293
116300,250.0,3
116309,250.58,0
116314,7411.073200000001,451
116328,3494.75,82
116339,250.0,28
116364,330.0,34
116382,251.0,72
116446,240.0,0
116454,3447.46,36
116470,300.0,0
116477,300.77,0
116481,500.0,88
116513,250.0,5
116514,250.19,6
116517,250.0,12
116527,243.61,85
116535,250.0,0
116543,250.0,65
116555,250.0,8
116559,500.0,0
116562,15780.0,207
116605,247.07999999999998,54
116618,250.17,120
116634,575.0,64
116647,250.0,71
116648,1709.0,21
116655,249.7,0
116662,508.0,12
116705,250.0,0
116714,248.0,58
116722,247.52,4
116724,250.0,38
116725,715.0,77
116770,500.0,336
116771,240.0,331
116772,2600.0,33
116782,502.75,34
116787,250.0,135
116802,2170.0,379
116879,211.88,0
116927,250.0,1
116931,5000.0,99
116957,970.0,154
116959,25936.35,33
116962,2950.0,55
116966,285.775,0
116967,272.77,0
116973,259.39,50
116994,250.0,19
117007,217105.0,301
117010,400.0,0
117015,6090.0,194
117049,6000.0,113
117070,254.01,6
117077,250.0,0
117083,250.0,22
117092,2000.0,34
117094,251.0,344
117100,250.0,53
117119,25024.86,157
117128,390.7,40
117129,250.0,0
117145,500.1,57
117160,20796.5,61
117161,3155.0,275
117191,1500.0,5
117194,450.0,30
117200,1300.0,118
117211,250.0,10
117222,250.0,5
117250,500.0,11
117256,1250.0,8
117333,250.0,44
117360,1500.0,161
117362,250.0,9
117405,250.0,4
117414,250.0,165
117428,1000.0,16
117441,250.0,5
117444,250.0,214
117457,250.0,0
117465,500.0,51
117475,500.0,0
117484,500.0,0
117506,250.0,5
117519,250.0,0
117528,400.0,37
117532,250.0,266
117536,250.0,0
117576,250.0,6
117579,775.0,270
117583,1000.0,95
117678,470.0,101
117709,250.0,0
117711,314.83,173
117712,250.0,91
117716,480.0,0
117746,250.0,16
117753,250.0,0
117757,500.0,0
117768,3107.58,405
117786,10001.0,355
117790,20543.0,430
117804,500.0,0
117819,470.0,5
117831,240.0,0
117851,240.0,0
117853,10.0,0
117855,250.0,20
117863,490.0,150
117876,250.0,0
117892,250.0,0
117894,240.0,34
117897,250.0,56
117905,250.0,99
117911,400.0,4
117913,16050.0,295
117915,250.0,0
117940,250.0,387
117973,250.0,249
118035,280.0,211
118084,256.88,20
118109,245.0,76
118110,250.0,7
118114,3336.4399999999996,122
118147,250.0,0
118164,1350.0,70
118165,2000.0,48
118173,250.0,0
118174,7550.0,275
118175,750.0,13
118178,2500.0,312
118180,1800.0,245
118188,250.0,0
118191,500.0,0
118205,250.04,0
118233,250.0,26
118237,250.0,33
118239,10900.0,208
118255,250.0,11
118268,250.0,137
118273,250.0,0
118275,60.0,0
118338,750.0,0
118349,250.0,77
118359,250.0,0
118365,465.0,103
118369,240.0,56
118373,3500.0,2
118376,64974.0,383
118385,250.0,15
118403,470.0,0
118418,250.0,0
118423,500.0,0
118430,500.0,1
118442,400.0,0
118447,250.0,7
118456,305.0,0
118566,310.0,106
118568,250.0,45
118591,500.0,13
118592,10.0,0
118598,240.0,40
118631,1080.44,103
118633,250.0,0
118650,570.0,257
118651,250.0,140
118664,300.0,71
118673,2503.0,317
118717,600.0,0
118729,760.0,35
118734,250.0,15
118750,1028.598,129
118753,630.806,0
118759,310.0,239
118772,16.0,0
118785,1816.0,256
118799,1250.0,13
118808,1650.0,189
118811,1005.0,12
118814,1000.0,267
118816,251.05,0
118823,300.0,96
118827,1200.0,0
118833,260.0,62
118842,1500.0,0
118862,250.0,77
118878,500.0,30
118880,248.0,4
118894,510.0,21
118916,600.0,0
118926,501.35,0
118933,250.0,0
119056,240.0,1
119071,500.0,0
119074,350.0,252
119086,300.0,49
119087,670.0,125
119131,750.0,77
119146,250.0,209
119151,505.0,45
119172,275.0,41
119213,329.90999999999997,61
119225,250.0,51
119252,250.0,0
119258,1482.0,16
119267,565.17,6
119271,657.0,336
119306,250.0,0
119315,250.0,34
119357,350.0,0
119377,240.0,23
119382,250.0,94
119386,250.0,0
119424,900.0,193
119428,500.0,285
119460,25.0,11
119473,250.0,101
119497,250.0,0
119505,250.0,0
119525,500.0,90
119557,250.0,118
119567,25.0,0
119599,500.0,17
119602,500.0,25
119618,1250.0,71
119621,250.0,0
119626,1080.0,58
119649,700.0,177
119714,250.0,58
119724,250.0,33
119733,230.0,0
119742,117.7436,1
119744,250.0,0
119748,50.0,1
119756,250.0,0
119770,1050.05,45
119788,8611.3,132
119789,270.0,36
119797,250.0,0
119839,252.0,299
119848,250.0,99
119863,250.0,57
119864,2700.0,171
119885,250.0,0
119907,250.0,0
119920,644.0,390
119921,250.0,0
119923,5.0,162
119925,250.14,68
119947,45544.0,0
119948,39380.8469,0
119954,250.0,0
119968,250.0,5
120003,250.0,0
120005,26646954.4733,0
120009,250.29,78
120010,250.0,19
120013,10900.0,343
120022,250.0,147
120028,253.06,280
120132,250.0,3
120158,22500.0,141
120163,232323.0,0
120164,366597.2873,0
120165,500.0,0
120167,250.0,0
120170,2508.0,26
120181,250.0,0
120184,1044.0,120
120191,500.0,217
120193,1000.0,16
120223,10.0,0
120236,250.0,0
120244,10001.51,13
120248,1000.0,139
120252,250.0,0
120254,11751.8,190
120263,250.0,0
120267,250.0,4
120296,250.0,0
120297,250.0,0
120298,250.0,0
120311,300.0,0
120326,4250.0,63
120343,1150.0,26
120344,350.0,25
120345,250.0,41
120350,250.0,20
120351,500.0,0
120358,500.0,33
120369,90.2552,0
120400,990.0,0
120429,1.0,0
120438,500.0,31
120440,250.0,0
120443,500.0,60
120452,4000.0,0
120457,250.0,0
120495,750.0,63
120511,505.0,3
120543,250.0,120
120548,250.0,0
120560,250.0,0
120574,500.0,0
120596,10.0,3
120601,24.0,0
120627,250.0,21
120657,250.0,0
120659,278.7075,61
120660,250.0,0
120673,250.0,0
120699,100.0,0
120706,250.0,0
120724,251.20999999999998,1
120736,100.0,0
120748,500.0,8
120750,500.0,31
120751,20.0,0
120773,300.0,37
120782,570.0,219
120804,250.0,252
120821,250.0,0
120825,269.61,30
120826,710.0,45
120831,700.0,310
120833,250.0,2
120851,250.0,0
120855,250.36,61
120858,240.0,47
120860,250.0,95
120867,250.0,5
120881,280.0,52
120894,7500.0,0
120911,250.0,34
120914,1020.0,60
120921,250.0,18
120934,500.0,0
120938,265.97,0
120943,1250.0,23
120950,500.0,5
120956,250.0,22
120980,1050.0,177
120985,500.0,1
121017,247.44,32
121030,250.0,3
121124,1000.0,2
121150,81975.33,333
121151,250.0,0
121153,250.0,55
121188,650.0,178
121239,552.25,120
121243,1370.0,357
121244,252.11,5
121248,646.0,202
121254,250.0,81
121260,500.0,26
121271,250.0,7
121273,800.0,60
121281,244.8,9
121290,47084.25,350
121311,420.0,17
121333,240.0,393
121338,50.0,0
121345,500.0,14
121350,250.0,111
121351,500.0,288
121382,250.0,10
121396,260.0,56
121409,1350.0,11
121412,264.0,30
121413,250.0,17
121418,250.0,0
121421,250.0,110
121422,250.0,73
121473,250.0,0
121480,250.0,0
121481,1000.0,71
121486,250.0,12
121490,250.0,2
121501,300.0,19
121502,249.41,35
121517,2.0,3
121531,250.0,88
121587,75442.8,270
121633,250.0,0
121636,500.0,3
121645,4813.0,128
121670,1000.0,39
121671,250.0,10
121683,250.0,0
121693,250.0,153
121694,11225.0,231
121704,250.0,0
121711,5632.101000000001,163
121714,270.0,0
121715,250.0,97
121745,699.73,38
121746,25.0,0
121747,1174.455,138
121750,250.0,346
121763,320.0,226
121771,230.0,0
121847,250.0,0
121864,1500.0,42
121883,500.0,15
121888,10.0,11
121896,300.0,149
121900,250.0,169
121901,5990.0,206
121908,1010.0,53
121919,250.0,29
121938,470.0,3
121949,300.0,4
121953,120633.51000000001,384
121976,250.0,1
122034,5000.0,27
122045,31.0,0
122130,250.0,2
122167,264.51,28
122180,240.0,0
122190,250.0,21
122236,250.0,0
122263,399.72,31
122296,50.0,0
122317,1.97,0
122329,1500.0,169
122347,250.0,15
122365,250.0,15
122555,250.0,15
122725,10.0,0
122932,250.0,60
123024,1250.0,47
123025,235.47000000000003,3
123029,500.0,22
123052,254.0,69
123056,250.0,4
123214,250.0,3
123217,5.0,0
123226,572.47,23
123229,800.0,42
123302,250.0,7
123321,2300.0,205
123374,254.0,264
123413,245.0,49
123459,250.0,17
123480,10.0,13
123490,10000.0,0
123525,250.0,0
123578,250.0,197
123584,500.0,0
123585,250.0,0
123594,250.0,11
123595,250.0,0
123602,250.0,0
123605,7393.275000000001,23
123609,500.0,0
123614,250.0,10
123645,250.0,0
123666,1225.0,33
123686,250.0,0
123715,500.0,0
123716,600.0,10
123735,300.0,23
123743,250.0,15
123746,1029.321,26
123755,250.0,141
123756,250.0,222
123803,250.0,0
123824,12875.0,52
123835,500.0,4
123843,250.0,0
123906,250.0,13
123919,1000.0,65
123990,250.0,7
124067,500.0,39
124078,39100.0,7
124081,250.0,15
124083,571.69,0
124091,250.0,0
124109,119922.16,106
124120,350.0,103
124134,240.0,70
124137,900.0,0
124147,500.0,55
124152,250.0,1
124206,500.0,208
124218,10.0,8
124240,900.0,135
124244,2000.0,132
124248,2000.0,22
124252,250.0,0
124313,1964.73,17
124315,268.34,2
124325,18243.4755,123
124336,250.0,0
124353,5000.0,54
124407,250.0,47
124428,250.0,82
124443,680.0,41
124454,1007.98,19
124460,1500.0,87
124466,250.0,0
124467,321.68,45
124468,25500.0,21
124477,4050.0,0
124536,610.0,31
124654,250.0,11
124713,500.0,0
124719,250.0,14
124740,250.0,103
124775,243.0,98
124784,500.0,37
124787,1250.0,1
124803,11157.999999999998,297
124805,250.0,0
124809,5200.0,139
124818,251.8,28
124824,250.0,0
124828,500.0,0
124837,35130.0,337
124839,1050.0,48
124853,1200.0,0
124948,250.0,25
124959,250.0,0
124964,256.0,11
124979,500.0,0
125003,569.83,0
125012,250.0,0
125019,250.0,75
125022,250.0,34
125041,250.0,0
125098,500.0,33
125112,250.0,6
125141,566.84,147
125168,250.0,4
125182,500.0,88
125195,10000.0,6
125317,950.0,130
125318,250.0,3
125319,250.0,0
125416,568.72,108
125437,238.82,64
125451,250.0,10
125466,264.8882,73
125580,681.692,9
125656,22.7232,0
125756,33.8323,0
125812,250.1092,3
125857,400.0,51
125876,1000.0,97
125894,566.21,21
126024,251.57,49
126033,249.6406,0
126066,24117.205,43
126089,513.936,178
126114,960.0,173
126118,280.8275,0
126142,73445.49,219
126208,251.0,45
126243,850.0,191
126259,250.0,0
126285,250.151,0
126345,36.42,33
126394,240.0,49
126419,1000.0,0
126430,419.2359,13
126457,252.7118,25
126483,263.7904,15
126484,500.0,290
126485,1904.3999000000001,123
126696,1589.8896,127
126757,250.0,0
126761,250.0,1
126762,240.0,2
126770,133.104,0
126778,559.03,0
126779,5.0,0
126784,1137.695,306
126787,249.7638,3
126809,5709.75,0
126819,285.275,1
126893,1827.28,286
126905,245.0,22
126918,500.0,12
126926,388.4976,13
126933,251.0,6
126934,2720.0,139
126940,3740.0,288
126944,250.0,17
127021,250.0,0
127032,250.0,0
127034,550.0,183
127042,250.0,1
127054,500.0,0
127061,250.0,18
127064,500.0,12
127115,500.0,0
127120,12936.6,2
127122,250.0,17
127124,250.0,0
127137,1012.941,0
127138,350.0,39
127152,950.0,33
127170,263.2327,0
127184,286.04,145
127219,500.0,17
127232,250.0,6
127238,580.8299999999999,25
127253,250.0,7
127257,250.0,248
127259,513.4905,297
127355,903.9902000000001,159
127357,250.0,2
127359,27.0,44
127367,343.383,137
127371,1000.0,2
127378,566.644,0
127398,7392.98,220
127407,2831.475,9
127409,450.0,44
127412,250.0,0
127443,816.5,104
127456,285.466,14
127457,22839.2,0
127466,255.528,2
127508,500.0,47
127510,250.0,45
127538,1000.0,0
127541,500.0,50
127545,227.848,0
127592,250.0,20
127595,800.0,26
127599,250.0,115
127631,500.0,9
127649,1250.0,40
127653,566.875,0
127657,550.0,251
127664,250.0,104
127675,5.0,0
127683,251.44,3
127701,1140.0,50
127731,250.0,1
127735,500.0,4
127736,244.0,85
127739,255.0,45
127742,250.0,0
127743,265.0,73
127745,250.0,112
127746,283.68,0
127754,500.0,6
127756,250.0,102
127764,500.0,2
127831,250.0,182
127840,1399.0,67
127849,2.2642,0
127852,500.0,0
127893,250.0,0
127903,500.0,14
127910,250.0,189
127926,250.0,2
127999,251.9,0
128020,250.0,0
128027,250.0,34
128028,253.0,111
128049,5500.0,97
128064,250.0,7
128078,250.0,94
128089,1000.0,47
128104,1370.0,131
128107,2000.0,2
128112,1000.0,0
128130,500.0,0
128143,988.0,0
128145,26000.0,260
128149,1000.0,52
128158,250.0,1
128166,350.0,21
128237,250.0,12
128314,250.0,3
128322,250.0,9
128349,250.0,26
128361,250.0,0
128363,1000.0,0
128373,102015.9847,199
128395,500.0,0
128409,250.0,14
128414,300.0,0
128447,560.0,72
128472,250.0,32
128527,1000.0,79
128530,250.0,28
128546,750.0,44
128556,250.0,0
128572,560.0,116
128591,240.0,0
128666,900.0,14
128674,250.0,0
128684,250.0,3
128739,250.0,26
128740,968.0,9
128744,250.0,48
128747,250.0,19
128756,1200.0,104
128760,1.0,0
128773,280.0,255
128801,500.0,13
128803,1255.06,206
128822,250.0,71
128823,1000.0,22
128829,500.0,6
128834,350.0,23
128836,400.0,2
128844,250.0,0
128862,4765.0,193
128940,4600.0,175
128960,1100.0,53
128967,1000.0,20
129005,250.0,37
129034,248.69,4
129081,992.36,0
129085,500.0,95
129087,675.0,69
129102,250.0,7
129105,250.0,0
129124,2000.0,41
129133,300.0,8
129139,5000.0,144
129142,3100.0,61
129161,50.0,0
129209,280.0,0
129226,1250.0,31
129251,250.0,22
129257,1000.0,13
129272,250.0,5
129281,150.0,252
129359,530.0,279
129398,250.0,32
129406,250.0,0
129408,345.6,26
129410,1250.0,9
129422,250.0,11
129436,250.0,0
129441,250.93,89
129444,250.0,74
129452,500.0,0
129475,250.0,1
129502,500.0,13
129504,250.0,6
129547,40.0,1
129566,250.0,0
129569,400.0,0
129588,500.0,0
129593,18000.0,20
129599,500.0,0
129602,250.76,1
129605,250.0,3
129624,500.0,0
129673,500.0,98
129680,240.0,0
129690,50.0,0
129717,2000.0,167
129725,3025.0,13
129742,251.0,214
129767,500.0,0
129883,566.105,0
129889,4287.67,6
129893,250.0,12
129931,493.4,0
129934,250.0,80
129987,500.0,3
129990,250.0,49
129991,250.0,0
129998,330.0,45
130007,253.31,73
130016,250.0,0
130019,250.0,0
130020,250.0,0
130021,500.0,0
130040,275.0,122
130070,250.0,0
130090,250.0,0
130156,500.0,31
130159,550.0,50
130162,250.0,90
130165,100.0,0
130168,2254.91,47
130179,600.0,0
130191,250.0,51
130200,250.0,22
130215,250.0,48
130218,255.0,36
130235,3700.0,169
130238,240.0,10
130268,700.0,0
130270,2300.0,47
130272,15.0,1
130279,6.0,0
130285,400.0,0
130298,250.0,0
130304,10.0,0
130358,10000.0,0
130374,100.0,4
130412,500.0,15
130430,275.0,37
130452,250.0,16
130453,250.65,0
130455,250.0,7
130457,4450.0,112
130478,260.0,32
130480,250.0,0
130481,500.0,0
130482,249.0,1
130493,250.0,7
130495,8090.0,39
130543,275.13,2
130546,250.0,41
130551,679.5,119
130558,250.0,0
130566,250.0,14
130567,534.75,19
130602,250.0,9
130626,1175.6,93
130630,250.0,9
130661,300.0,84
130676,500.0,0
130677,250.0,0
130703,1750.0,48
130714,250.0,3
130726,250.0,11
130736,275.0,45
130751,4000.0,37
130762,250.0,0
130765,250.0,24
130793,860.0,228
130813,500.0,0
130814,250.0,10
130815,13427.91,147
130825,250.0,8
130826,250.0,221
130845,20600.0,281
130878,349.35,170
130885,499.27250000000004,65
130888,900.0,19
130895,72500.0,142
130951,250.0,0
130994,300.0,55
131002,250.0,0
131003,250.0,14
131015,250.0,41
131022,250.0,2
131033,839.96,22
131077,7.06,0
131079,250.0,75
131097,250.0,6
131101,300.0,10
131105,250.0,21
131109,300.0,5
131121,10.0,0
131124,290.0,27
131147,240.0,0
131173,500.0,148
131194,258.52,0
131231,450.0,21
131248,245.0,292
131255,250.0,54
131256,950.0,84
131258,1126.53,0
131261,520.0,54
131283,850.0,0
131334,250.0,0
131344,250.0,34
131350,50.0,3
131351,1241.96,108
131358,278.0,75
131373,495.0,70
131469,137343.23,142
131520,1000.0,15
131541,1000.0,0
131555,250.04,0
131580,1.0,0
131599,1500.0,45
131603,250.0,29
131604,5950.0,76
131612,650.0,285
131618,243.42,0
131620,15.0,0
131625,950.0,0
131629,60.0,289
131634,3386.58,8
131649,250.46,0
131686,2700.0,84
131696,250.0,4
131702,39298.85999999999,42
131705,250.0,29
131709,500.0,3
131718,250.0,0
131730,500.0,0
131736,13424.099999999999,85
131773,435.91,119
131805,250.0,0
131812,320.0,153
131814,250.0,123
131819,250.0,8
131830,356.94,5
131843,300.0,45
131846,100.0,0
131863,530.0,13
131870,1113.5527,2
131873,250.0,3
131884,250.0,0
131929,250.0,8
132003,3673.4,5
132023,250.0,14
132052,250.0,0
132059,550.0,7
132072,500.0,42
132110,250.0,0
132123,330.0,39
132142,250.0,27
132155,500.7215,104
132166,250.0,0
132177,500.0,0
132180,502.88,201
132186,325.0,18
132210,12000.0,141
132226,250.0,56
132228,750.0,0
132251,251.0,74
132260,250.0,7
132292,250.0,0
132307,1360.0,68
132314,4232.0,9
132315,250.0,8
132318,500.0,42
132322,1000.0,50
132347,252.15,0
132352,650.0,7
132353,750.0,56
132356,500.0,0
132361,1000.0,0
132362,2900.0,61
132378,500.0,14
132381,250.0,0
132417,172.6864,0
132486,300.0,91
132489,250.0,3
132519,250.0,4
132526,300.0,0
132527,250.0,0
132530,250.0,0
132544,4520.0,32
132554,200.0,0
132555,500.0,0
132556,100.0,0
132588,767.0,124
132589,2805.0,17
132598,300.0,8
132610,100.0,0
132620,250.0,33
132624,750.0,11
132644,250.0,5
132664,1005.0,36
132681,250.0,0
132700,500.0,0
132706,750.0,90
132713,500.0,0
132731,500.0,54
132733,595.0,29
132769,245.0,20
132804,25.0,8
132834,250.0,0
132854,500.0,10
132861,580.0,52
132864,1000.0,0
132870,500.0,0
132884,275.0,71
132890,1.0,0
132932,451.88,0
132933,100.0,0
132958,2936.0,69
132972,900.0,0
132989,540.0,6
133008,260.0,29
133019,20.0,0
133020,250.0,0
133027,479521.1299999999,268
133028,278.2925,14
133029,500.0,7
133041,2.0,0
133052,500.0,0
133080,250.0,23
133082,110.0,0
133119,500.0,71
133128,2000.0,0
133152,752.97,0
133175,4500.0,55
133186,250.0,0
133248,45556.9,146
133251,250.0,0
133253,1900.0,223
133269,750.0,0
133271,2000.0,81
133281,10001.34,55
133318,1122.95,0
133462,558.3475000000001,191
133501,270.0,10
133519,3751.0,0
133544,3250.0,0
133550,340.0,12
133557,500.0,0
133560,250.0,6
133563,299.26,16
133580,20098.25,85
133666,500.0,0
133671,250.0,0
133673,245.0,8
133684,2.2257,0
133686,23.0,0
133703,74685.915,99
133727,500.0,0
133781,250.0,11
133802,250.0,172
133827,240.0,2
133861,250.0,3
133865,3968.94,76
133868,300.0,38
133880,1510.0,4
133882,20000.2,0
133898,3221.0,38
133929,250.0,41
133958,1000.0,6
133965,250.0,15
133980,241.96,66
133988,2500.0,58
134046,250.0,0
134074,500.0,33
134076,1350.0,28
134078,500.0,0
134085,500.0,22
134122,250.0,0
134123,300.0,9
134135,750.0,17
134149,250.0,13
134175,3026.33,56
134200,15.0,4
134201,250.0,0
134360,9300.0,36
134370,4.0,0
134383,903.89,12
134387,250.0,40
134405,250.0,0
134407,262.16,0
134417,5000.0,0
134470,251.08,0
134486,250.0,20
134524,250.0,29
134525,339.519,0
134529,250.0,8
134532,250.0,10
134537,360.0,45
134547,2000.0,0
134577,1250.0,13
134583,800.0,53
134602,550.0,2
134665,501.0,5
134669,1000.0,0
134710,558.79,40
134721,250.0,42
134733,250.0,0
134739,6000.0,19
134740,500.0,0
134742,300.0,37
134752,600.0,68
134780,4.0,0
134794,750.0,0
134809,788.0,33
134823,901.7,139
134845,250.0,0
134869,2007.0,0
134889,3487.0,76
134915,11300.0,67
134940,250.0,139
134941,500.0,4
134944,550.0,145
134955,505.0,26
134966,250.0,0
134999,250.0,0
135002,25700.0,75
135015,500.0,20
135016,250.0,0
135023,250.0,32
135139,1451.0,56
135156,750.0,24
135157,300.0,159
135159,500.0,0
135165,1750.0,19
135169,750.0,8
135185,1300.0,26
135202,500.0,21
135203,16572.66,140
135215,250.0,0
135232,2500.0,5
135243,250.0,37
135244,100.0,0
135250,14.0,0
135253,10000.0,121
135254,1000.0,32
135257,490.0,102
135286,240.0,0
135299,250.0,0
135324,104016.45,200
135338,250.0,49
135353,3300.0,113
135362,3750.0,2
135368,273.0,9
135375,111.905,0
135377,502.0,27
135390,634.97,0
135394,250.0,0
135398,17500.0,56
135410,2070.0,35
135416,490.0,1
135432,1446.8,96
135437,250.0,0
135445,750.0,13
135480,556.115,0
135483,4995.0,40
135485,750.0,21
135489,350.0,1
135518,1800.0,7
135530,250.0,12
135533,500.0,0
135537,1.0,0
135538,250.0,0
135547,244.68,6
135559,10000.0,8
135583,500.0,2
135584,250.0,0
135587,350.0,94
135596,1290.0,99
135597,750.0,6
135603,22700.0,18
135614,43720.0,19
135630,6690.0,42
135631,890.0,190
135633,254.60999999999999,0
135638,250.0,162
135639,5085.78,107
135643,6.0,0
135675,2335.0,58
135677,3054.9700000000003,152
135688,540.0,0
135689,562.595,1
135702,11.0,6
135706,947.0,44
135719,557.925,0
135723,1.0,0
135731,1000.0,45
135732,500.0,0
135734,270.0,0
135737,1500.0,12
135740,521.0,42
135741,1450.0,69
135775,250.0,18
135788,21000.0,108
135804,500.0,37
135820,1510.0,46
135836,250.0,0
135839,300.0,0
135840,750.0,3
135841,10303.0,17
135842,7500.0,92
135849,250.0,0
135851,500.0,0
135852,4135.0,24
135873,1117.0,83
135877,5.0,0
135879,783.318,15
135895,27900.0,53
135896,4270.0,61
135899,500.0,0
135916,1613.0,16
135924,500.0,14
135926,1000.0,0
135943,70.0,0
135951,800.0,24
135953,250.0,0
135956,250.0,0
135966,725.0,37
135979,250.0,0
135993,790.0,0
135994,700.0,7
136004,260.0,0
136011,500.0,15
136019,3956.0,0
136020,25.0,0
136021,750.0,0
136038,3000.0,0
136082,450.0,0
136091,500.0,0
136092,1120.85,0
136096,500.0,0
136097,2135.4900000000002,150
136099,1000.0,23
136109,1000.0,0
136115,2190.0,2
136117,2240.0,15
136121,2500.0,6
136123,4250.0,135
136139,250.0,0
136148,500.0,170
136151,250.0,17
136158,2050.0,202
136174,39477.2,1
136176,250.0,6
136183,850.0,24
136203,5899.0,25
136207,250.0,10
136208,559.915,0
136213,500.0,0
136214,250.0,0
136248,2560.88,9
136249,2000.0,41
136264,500.0,0
136265,6000.0,20
136278,750.0,5
136294,792.69,12
136350,5.0,0
136353,1000.0,0
136367,988.0,68
136382,3865.88,7
136439,406.0,39
136442,50530.0,11
136443,1750.0,128
136448,4557.02,0
136449,4000.0,7
136454,500.0,1
136463,250.0,0
136474,1000.0,0
136486,500.0,55
136487,500.0,0
136490,7982.430000000001,185
136494,96100.0,174
136497,500.0,0
136504,745.4300000000001,119
136509,2252.0,33
136514,300.0,0
136517,250.0,84
136519,1250.0,32
136539,1850.0,47
136548,250.0,0
136549,1750.0,6
136550,8721.0,52
136551,1100.0,0
136557,1980.0,12
136597,750.0,14
136602,2000.0,10
136604,360.0,10
136609,60.0,0
136615,50.0,0
136617,6750.0,11
136626,500.0,4
136629,501.16440000000006,9
136631,250.0,0
136635,21.0,24
136636,87495.88,167
136638,250.0,0
136641,250.0,0
136643,7413.5,100
136655,520.0,13
136657,1347.0866999999998,27
136670,250.0,1
136671,275.0,9
136682,500.0,0
136685,250.0,3
136687,10320.0,162
136693,500.0,0
136697,250.0,0
136706,103000.0,0
136723,563.18,0
136728,282.48,0
136735,3012.5,0
136738,39850.0,148
136741,860.0,92
136769,250.0,2
136774,500.0,0
136777,250.0,0
136784,2550.0,129
136790,250.0,14
136798,250.0,12
136810,1750.0,3
136817,600.0,3
136828,250.0,10
136853,300.0,2
136872,690.9174,22
136876,100.0,0
136938,250.0,10
136939,4220.0,154
136943,6171.555,102
136957,250.0,0
136962,10.0,0
136966,250.0,53
136979,250.0,0
136980,2807.6936,3
137022,500.0,34
137035,1150.0,20
137046,1536.8465,2
137058,500.0,0
137108,500.0,0
137119,281.3725,0
137128,250.0,42
137151,540.0,33
137158,250.0,0
137172,750.0,21
137173,1.0,0
137186,10.0,121
137211,450.0,4
137234,505.0,7
137238,500.0,0
137240,562.915,0
137241,4.0,0
137252,1200.0,0
137258,250.0,15
137259,750.0,0
137295,2.0,0
137342,595.0,71
137391,1250.0,0
137418,2251.62,0
137434,515.0,173
137456,703.97,0
137462,1.0,0
137465,3900.0,85
137477,4540.0,47
137498,250.0,3
137536,250.0,0
137538,250.0,1
137549,750.0,0
137558,1.0,0
137602,1250.0,3
137614,2350.0,35
137622,570.0,45
137659,558.905,0
137677,250.0,0
137753,1200.0,19
137789,250.0,0
137799,750.0,0
137804,60000.0,0
137851,2800.0,10
137860,250.0,0
137863,4054.48,68
137869,600.0,19
137910,300.0,67
137911,80.0,0
137920,500.0,0
137925,700.0,6
137926,610.6716999999999,7
137932,500.0,0
137937,160928.62999999998,140
137944,1018.1,15
137945,500.0,60
137949,800.0,4
137950,690.0,39
137952,855.0,96
137954,250.0,0
137955,955.0,21
137957,1160.0,10
137959,350.0,29
137963,278.3825,0
137965,1700.0,53
137967,4585.0,78
137982,255.0,23
137989,3419.87,116
137992,250.0,0
137998,250.0,0
138006,250.0,0
138007,2500.92,100
138020,2500.0,41
138027,250.0,0
138032,250.0,0
138040,1107.09,44
138041,1000.0,0
138042,16642.135899999997,93
138044,250.0,9
138052,2700.0,0
138056,1030.0,0
138057,1800.0,27
138061,960.0,14
138068,250.0,0
138074,500.0,0
138080,20002.62,32
138083,500.0,16
138089,250.0,0
138092,1783.09,57
138100,1000.0,0
138104,500.0,7
138110,500.0,27
138114,1910.0,0
138115,2000.0,93
138117,250.0,13
138124,1000.0,34
138128,500.0,0
138135,300.0,0
138147,600.0,1
138152,35753.81,99
138156,50.0,0
138158,8315.0,132
138163,55194.42,114
138174,307.83950000000004,0
138183,8325.495,67
138192,1900.0,42
138199,53.05,72
138200,144.9668,0
138204,500.0,0
138206,732.97,19
138219,1350.0,22
138227,250.0,0
138236,1350.0,7
138239,250.0,51
138246,250.0,112
138265,250.0,4
138267,1400.0,27
138271,20.0,0
138279,26707.289999999997,19
138280,250.0,47
138288,5683.3,80
138293,1000.0,20
138296,1000.0,0
138311,250.0,11
138312,450.0,53
138315,150.33,0
138321,250.0,47
138327,8722.98,57
138331,65712.11,127
138338,549.165,6
138340,150305.86,103
138344,789.5391999999999,48
138352,1947.05,87
138354,159.3431,105
138362,503.1,0
138364,500.0,0
138366,4553.72,0
138380,550.8050000000001,17
138383,2000.0,13
138384,276.8225,0
138388,500.0,0
138398,250.0,4
138400,88879.02179999999,41
138415,1600.0,59
138419,12143.085000000001,28
138426,14959.08,78
138434,17500.0,0
138435,2750.0,25
138440,2024.0,17
138443,6995.0,48
138444,200.0,17
138445,2216.911,16
138452,750.0,7
138453,2122.5,95
138457,7053.84,5
138458,751.0,0
138465,10.0,0
138473,1250.0,7
138482,1000.0,2
138483,2.0,0
138484,1100.0,6
138489,96991.2464,27
138501,5500.0,52
138508,1962.97,38
138526,2350.0,0
138527,12500.0,55
138529,365.0,4
138539,760.04,0
138544,1150.0,7
138550,23172.34,30
138551,110.603,0
138560,40148.939999999995,8
138561,10000.0,0
138570,22735.23,27
138592,300.0,0
5000000,10000.0,0
5000001,10000.0,0
5000002,10000.0,0
5000003,10000.0,0
5000004,10000.0,0
5000005,10000.0,0
5000007,10000.0,0
5000008,10000.0,0
5000009,10000.0,0
5000010,10000.0,0
5000011,10000.0,0
5000023,10000.0,0
5000024,10000.0,0
5000025,10000.0,0
5000026,10000.0,0
5000027,11938.4,0
5000028,10000.0,0
5000029,10000.0,0
5000033,11938.4,0
5000034,10000.0,0
5000035,10000.0,0
5000037,10000.0,0
5000038,10000.0,0
5000039,10000.0,0
5000041,10000.0,0
5000042,10000.0,0
5000043,10000.0,0
5000044,10000.0,0
5000046,10000.0,0
5000047,11938.4,0
5000048,11938.4,0
5000049,10000.0,0
5000050,10000.0,0
5000051,10000.0,0
5000052,11938.4,0
5000054,10000.0,0
5000055,10000.0,0
5000057,10000.0,0
5000058,10000.0,0
5000059,10000.0,0
5000060,10000.0,0
5000061,10000.0,0
5000062,10000.0,0
5000063,10000.0,0
5000065,10000.0,0
5000066,10000.0,0
5000067,11705.5,0
5000068,10000.0,0
5000069,10000.0,0
5000070,10000.0,0
5000071,11682.1,0
5000073,10000.0,0
5000074,10000.0,0
5000075,10000.0,0
5000076,10000.0,0
5000077,10000.0,0
5000078,10000.0,0
5000079,10000.0,0
5000080,10000.0,0
5000081,10000.0,0
5000082,10000.0,0
5000083,10000.0,0
5000084,10000.0,0
5000085,10000.0,0
5000086,10000.0,0
5000087,10000.0,0
5000088,10000.0,0
5000089,10000.0,0
5000090,10000.0,0
5000091,10000.0,0
5000092,10000.0,0
5000093,10000.0,0
5000094,10000.0,0
5000095,10000.0,0
5000096,10000.0,0
5000097,10000.0,0
5000098,10000.0,0
5000099,10000.0,0
5000100,10000.0,0
5000101,10000.0,0
5000102,10000.0,0
5000103,10000.0,0
5000104,10000.0,0
5000105,10000.0,0
5000106,10000.0,0
5000107,10000.0,0
5000108,10000.0,0
5000109,10000.0,0
5000110,10000.0,0
5000111,10000.0,0
5000112,10000.0,0
5000113,10000.0,0
5000114,10000.0,0
5000115,10000.0,0
5000116,10000.0,0
5000117,10000.0,0
5000118,10000.0,0
5000119,10000.0,0
5000120,10000.0,0
5000121,10000.0,0
5000122,10000.0,0
5000123,10000.0,0
5000124,10000.0,0
5000125,10000.0,0
5000126,10000.0,0
5000127,10000.0,0
5000128,10000.0,0
5000129,10000.0,0
5000130,10000.0,0
5000131,10000.0,0
5000132,10000.0,0
5000133,10000.0,0
5000134,10000.0,0
5000135,10000.0,0
5000136,10000.0,0
5000137,10000.0,0
5000138,10000.0,0
5000139,10000.0,0
5000140,10000.0,0
5000141,10000.0,0
5000142,10000.0,0
5000143,10000.0,0
5000144,10000.0,0
5000145,10000.0,0
5000146,10000.0,0
5000147,10000.0,0
5000148,10000.0,0
5000149,10000.0,0
5000150,10000.0,0
5000151,10000.0,0
5000152,60000.0,108
5000153,10000.0,0
5000154,10000.0,0
5000155,10000.0,0
5000156,10000.0,0
5000157,10000.0,0
5000158,10000.0,0
5000159,10000.0,0
5000160,10000.0,0
5000161,10000.0,0
5000162,10000.0,0
5000163,10000.0,0
5000164,10000.0,0
5000165,10000.0,0
5000166,10000.0,0
5000167,10000.0,0
5000168,10000.0,0
5000169,10000.0,0
5000170,10000.0,0
5000171,10000.0,0
5000172,10000.0,0
5000173,10000.0,0
5000174,10000.0,0
5000175,10000.0,0
5000176,10000.0,0
5000177,10000.0,0
5000178,10000.0,0
5000179,10000.0,0
5000180,10000.0,0
5000181,10000.0,0
5000182,10000.0,0
5000183,10000.0,0
5000184,11621.2,0
5000185,10000.0,0
5000186,10000.0,0
5000187,10000.0,0
5000188,11596.6,0
5000189,11590.1,0
5000190,10000.0,0
5000191,10000.0,0
5000192,10000.0,0
5000193,10000.0,0
5000194,10000.0,0
5000195,10000.0,0
5000196,10000.0,0
5000197,10000.0,0
5000198,10000.0,0
5000199,11599.4,0
5000200,10000.0,0
5000201,10000.0,0
5000202,10000.0,0
5000203,10000.0,0
5000204,10000.0,0
5000205,10000.0,0
5000206,10000.0,0
5000207,10000.0,0
5000208,10000.0,0
5000209,10000.0,0
5000210,10000.0,0
5000211,10000.0,0
5000212,10000.0,0
5000213,10000.0,0
5000214,10000.0,0
5000215,10000.0,0
5000216,10000.0,0
5000217,10000.0,0
5000218,10000.0,0
5000219,10000.0,0
5000220,10000.0,0
5000221,10000.0,0
5000222,10000.0,0
5000223,10000.0,0
5000224,10000.0,0
5000225,10000.0,0
5000226,10000.0,0
5000227,10000.0,0
5000228,10000.0,0
5000229,10000.0,0
5000230,10000.0,0
5000231,10000.0,0
5000232,10000.0,0
5000233,10000.0,0
5000234,10000.0,0
5000235,10000.0,0
5000236,10000.0,0
5000237,10000.0,0
5000238,10000.0,0
5000239,10000.0,0
5000240,10000.0,0
5000241,10000.0,0
5000242,10000.0,0
5000243,10000.0,0
5000244,10000.0,0
5000245,10000.0,0
5000246,10000.0,0
5000247,10000.0,0
5000248,10000.0,0
5000249,10000.0,0
5000250,10000.0,0
5000251,10000.0,0
5000252,10000.0,0
5000253,10000.0,0
5000254,10000.0,0
5000255,10000.0,0
5000256,10000.0,0
5000257,10000.0,0
5000258,10000.0,0
5000259,10000.0,0
5000260,10000.0,0
5000264,10000.0,0
5000265,10000.0,0
5000266,10000.0,0
5000267,10000.0,0
5000268,10000.0,0
5000269,10000.0,0
5000270,10000.0,0
5000271,10000.0,0
5000272,10000.0,0
5000273,10000.0,0
5000274,10000.0,0
5000275,10000.0,0
5000276,10000.0,0
5000277,10000.0,0
5000278,10000.0,0
5000279,10000.0,0
5000280,10000.0,0
5000281,10000.0,0
5000282,10000.0,0
5000283,10000.0,0
5000285,10000.0,0
5000286,10000.0,0
5000287,10000.0,0
5000288,10000.0,0
5000289,10000.0,0
5000290,10000.0,0
5000291,10000.0,0
5000292,10000.0,0
5000293,10000.0,0
5000294,10000.0,0
5000295,10000.0,0
5000296,10000.0,0
5000297,11621.5,0
5000298,10000.0,0
5000299,10000.0,0
5000300,10000.0,0
5000301,10000.0,0
5000302,10000.0,0
5000303,10000.0,0
5000304,10000.0,0
5000305,10000.0,0
5000306,11000.0,110
5000307,10000.0,0
5000308,10000.0,0
5000309,10000.0,0
5000310,10000.0,0
5000311,10000.0,0
5000312,10000.0,0
5000313,10000.0,0
5000314,10000.0,0
5000315,11764.6,0
5000316,12939.75,0
5000317,11783.0,0
5000318,11783.0,0
5000319,10000.0,0
5000320,10000.0,0
5000321,10000.0,0
5000322,10000.0,0
5000323,10000.0,0
5000325,10000.0,0
5000326,10000.0,0
5000327,10000.0,0
5000328,11528.9,0
5000329,10000.0,0
5000330,10000.0,0
5000331,10000.0,0
5000332,10000.0,0
5000333,10000.0,0
5000334,10000.0,0
5000335,11498.8,0
5000336,10000.0,0
5000337,10000.0,0
5000338,10000.0,0
5000339,10000.0,0
5000340,10000.0,0
5000341,10000.0,0
5000342,10000.0,0
5000343,10000.0,0
5000344,10000.0,0
5000345,10000.0,0
5000347,10000.0,0
5000348,10000.0,0
5000349,10000.0,0
5000350,10000.0,0
5000351,22851.7,118
5000352,10000.0,0
5000353,10000.0,0
5000354,10000.0,0
5000355,10000.0,0
5000356,10000.0,0
5000357,10000.0,0
5000358,10000.0,0
5000359,10000.0,0
5000360,10000.0,0
5000361,10000.0,0
5000362,10000.0,0
5000363,10000.0,0
5000364,10000.0,0
5000365,10000.0,0
5000366,10000.0,0
5000367,10000.0,0
5000368,10000.0,0
5000369,10000.0,0
5000370,10000.0,0
5000371,10000.0,0
5000372,10000.0,0
5000373,10000.0,0
5000374,10000.0,0
5000375,10000.0,0
5000376,10000.0,0
5000377,10000.0,0
5000378,10000.0,0
5000379,10000.0,0
5000380,10000.0,0
5000381,10000.0,0
5000382,10000.0,0
5000383,10000.0,0
5000384,10000.0,0
5000385,10000.0,0
5000386,10000.0,0
5000387,10000.0,0
5000388,10000.0,0
5000389,10000.0,0
5000390,10000.0,0
5000391,10000.0,0
5000392,10000.0,0
5000393,10000.0,0
5000394,10000.0,0
5000395,10000.0,0
5000396,10000.0,0
5000397,10000.0,0
5000398,10000.0,0
5000399,10000.0,0
5000400,10000.0,0
5000401,10000.0,0
5000402,10000.0,0
5000403,10000.0,0
5000404,10000.0,0
5000407,10000.0,0
5000408,10000.0,0
5000409,10000.0,0
5000410,10000.0,0
5000411,10000.0,0
5000412,10000.0,0
5000413,10000.0,0
5000414,10000.0,0
5000415,10000.0,0
5000416,10000.0,0
5000417,10000.0,0
5000418,10000.0,0
5000419,10000.0,0
5000420,10000.0,0
5000421,10000.0,0
5000422,10000.0,0
5000423,10000.0,0
5000424,10000.0,0
5000425,10000.0,0
5000426,10000.0,0
5000427,10000.0,0
5000428,10000.0,0
5000429,10000.0,0
5000430,10000.0,0
5000431,10000.0,0
5000432,10000.0,0
5000433,10000.0,0
5000434,10000.0,0
5000435,10000.0,0
5000436,10000.0,0
5000437,10000.0,0
5000438,10000.0,0
5000439,10000.0,0
5000440,10000.0,0
5000441,10000.0,0
5000442,10000.0,0
5000443,10000.0,0
5000444,10000.0,0
5000445,10000.0,0
5000446,10000.0,0
5000447,10000.0,0
5000448,10000.0,0
5000449,10000.0,0
5000450,10000.0,0
5000451,10000.0,0
5000452,10000.0,0
5000453,10000.0,0
5000454,250.0,0
5000455,10000.0,0
5000456,10000.0,0
5000457,10000.0,0
5000458,10000.0,0
5000459,10000.0,0
5000460,10000.0,0
5000461,10000.0,0
5000462,10000.0,0
5000463,10000.0,0
5000464,10000.0,0
5000465,10000.0,0
5000466,10000.0,0
5000467,10000.0,0
5000468,10000.0,0
5000469,10000.0,0
5000470,10000.0,0
5000471,10000.0,0
5000472,10000.0,0
5000473,10000.0,0
5000474,10000.0,0
5000475,10000.0,0
5000476,10000.0,0
5000477,10000.0,0
5000478,10000.0,0
5000480,10000.0,0
5000481,10000.0,0
5000482,10000.0,0
5000483,10000.0,0
5000484,10000.0,0
5000485,10000.0,0
5000486,10000.0,0
5000487,10000.0,0
5000488,10000.0,0
5000489,10000.0,0
5000490,10000.0,0
5000491,10000.0,0
5000492,12000.0,295
5000493,10000.0,0
5000494,10000.0,0
5000495,10000.0,0
5000496,10000.0,0
5000497,10000.0,0
5000498,10000.0,0
5000499,10000.0,0
5000500,10000.0,0
5000501,10000.0,0
5000502,10000.0,0
5000503,10000.0,0
5000504,10000.0,0
5000505,10000.0,0
5000506,10000.0,0
5000507,10000.0,0
5000508,10000.0,0
5000509,10000.0,0
5000510,10000.0,0
5000511,10000.0,0
5000512,10000.0,0
5000513,10000.0,0
5000514,10000.0,0
5000515,10000.0,0
5000516,10000.0,0
5000517,10000.0,0
5000518,10000.0,0
5000519,10000.0,0
5000520,10000.0,0
5000521,10000.0,0
5000522,10000.0,0
5000523,10000.0,0
5000524,10000.0,0
5000525,10000.0,0
5000526,10000.0,0
5000527,50000.0,0
5000528,10000.0,0
5000529,10000.0,0
5000530,10000.0,0
5000531,10000.0,0
5000532,10000.0,0
5000533,10000.0,0
5000534,10000.0,0
5000535,10000.0,0
5000536,10000.0,0
5000537,10000.0,0
5000538,10000.0,0
5000539,10000.0,0
5000540,10000.0,0
5000541,10000.0,0
5000542,10000.0,0
5000543,10000.0,0
5000544,10000.0,0
5000545,10000.0,0
5000546,10000.0,0
5000547,10000.0,0
5000548,10000.0,0
5000549,10000.0,0
5000550,10000.0,0
5000551,10000.0,0
5000552,10000.0,0
5000553,10000.0,0
5000554,10000.0,0
5000555,10000.0,0
5000556,10000.0,0
5000557,10000.0,0
5000558,10000.0,0
5000559,10000.0,0
5000560,10000.0,0
5000561,10000.0,0
5000562,10000.0,0
5000563,10000.0,0
5000564,60000.0,70
5000565,10000.0,0
5000566,10000.0,0
5000567,10000.0,0
5000568,10000.0,0
5000569,10000.0,0
5000570,10000.0,0
5000571,10000.0,0
5000572,10000.0,0
5000573,11450.1,0
5000574,10000.0,0
5000575,10000.0,0
5000576,10000.0,0
5000577,10000.0,0
5000578,10000.0,0
5000579,10000.0,0
5000580,10000.0,0
5000581,10000.0,0
5000582,10000.0,0
5000583,20000.0,16
5000584,10000.0,0
5000585,10000.0,0
5000586,10000.0,0
5000587,10000.0,0
5000588,10000.0,0
5000589,10000.0,80
5000590,10000.0,0
5000591,10000.0,0
5000592,10000.0,0
5000593,10000.0,0
5000594,10000.0,0
5000595,10000.0,0
5000596,10000.0,0
5000597,10000.0,0
5000598,10000.0,0
5000599,10000.0,0
5000600,10000.0,0
5000601,10000.0,0
5000602,10000.0,0
5000603,10000.0,0
5000604,10000.0,0
5000605,10000.0,0
5000606,10000.0,0
5000607,10000.0,0
5000608,10000.0,0
5000609,10000.0,0
5000610,10000.0,0
5000611,10000.0,0
5000612,10000.0,0
5000613,10000.0,0
5000614,10000.0,0
5000615,10000.0,0
5000616,10000.0,0
5000617,10000.0,0
5000618,10000.0,0
5000619,10000.0,0
5000620,100000.0,0
5000621,10000.0,0
5000622,10000.0,0
5000623,10000.0,0
5000624,10000.0,0
5000625,10000.0,0
5000626,10000.0,0
5000627,10000.0,0
5000628,10000.0,0
5000629,10000.0,0
5000630,10000.0,0
5000631,10000.0,0
5000632,10000.0,0
5000633,10000.0,0
5000634,10000.0,0
5000635,10000.0,0
5000636,10000.0,0
5000637,10000.0,0
5000638,10000.0,0
5000639,10000.0,0
5000640,10000.0,0
5000641,10300.0,0
5000642,10000.0,0
5000643,10000.0,0
5000644,10000.0,0
5000645,10000.0,0
5000646,10000.0,0
5000647,10000.0,0
5000648,10000.0,0
5000649,10000.0,0
5000650,10000.0,0
5000651,10000.0,0
5000652,10000.0,0
5000653,10000.0,0
5000654,10000.0,0
5000655,11421.4,0
5000656,10000.0,0
5000658,10000.0,0
5000659,10000.0,0
5000660,10000.0,0
5000661,10000.0,0
5000662,10000.0,0
5000663,10000.0,0
5000664,10000.0,0
5000665,10000.0,0
5000666,10000.0,0
5000667,10000.0,0
5000668,10000.0,0
5000669,10000.0,0
5000670,10000.0,0
5000671,10000.0,0
5000672,10000.0,0
5000673,10000.0,0
5000674,10000.0,0
5000675,10000.0,0
5000676,10000.0,0
5000677,10000.0,0
5000678,10000.0,0
5000679,10000.0,0
5000680,10000.0,0
5000681,10000.0,0
5000682,10000.0,0
5000683,10000.0,0
5000684,10000.0,0
5000685,10000.0,0
5000686,10000.0,0
5000687,10000.0,0
5000688,10000.0,0
5000689,10000.0,0
5000690,10000.0,0
5000691,10000.0,0
5000692,10000.0,0
5000693,10000.0,0
5000694,10000.0,0
5000695,10000.0,0
5000696,10000.0,0
5000697,10000.0,0
5000698,10000.0,0
5000699,10000.0,0
5000700,10000.0,0
5000701,10000.0,0
5000702,10000.0,0
5000703,10000.0,0
5000704,10000.0,0
5000705,10000.0,0
5000706,10000.0,0
5000707,10000.0,0
5000708,10000.0,0
5000709,10000.0,0
5000710,10000.0,0
5000711,10000.0,0
5000712,10000.0,0
5000713,10000.0,0
5000714,10000.0,0
5000715,10000.0,0
5000716,10000.0,0
5000717,10000.0,0
5000718,10000.0,0
5000719,10000.0,0
5000720,10000.0,0
5000721,10000.0,0
5000722,10000.0,0
5000723,10000.0,0
5000724,10000.0,0
5000725,10000.0,0
5000726,10000.0,0
5000727,10000.0,0
5000728,10000.0,0
5000729,10000.0,0
5000730,10000.0,0
5000731,10000.0,0
5000732,10000.0,0
5000733,10000.0,0
5000734,10000.0,0
5000735,10000.0,0
5000736,10000.0,0
5000737,10000.0,0
5000738,10000.0,0
5000739,10000.0,0
5000740,10000.0,0
5000741,10000.0,0
5000742,10000.0,0
5000743,10000.0,0
5000744,10000.0,0
5000745,10000.0,0
5000746,10000.0,0
5000747,10000.0,0
5000748,10000.0,0
5000749,10000.0,0
5000750,10000.0,0
5000751,10000.0,0
5000752,10000.0,0
5000753,10000.0,0
5000754,10000.0,0
5000755,10000.0,0
5000756,10000.0,0
5000757,10000.0,0
5000758,10000.0,0
5000759,10000.0,0
5000760,10000.0,0
5000761,10000.0,0
5000762,10000.0,0
5000763,10000.0,0
5000764,10000.0,0
5000765,10000.0,0
5000766,10000.0,0
5000767,10000.0,0
5000768,10000.0,0
5000769,10000.0,0
5000770,10000.0,0
5000771,10000.0,0
5000772,10000.0,0
5000773,10000.0,0
5000774,10000.0,0
5000775,10000.0,0
5000776,10000.0,0
5000777,10000.0,0
5000778,10000.0,0
5000779,10000.0,0
5000780,10000.0,0
5000781,10000.0,0
5000782,10000.0,0
5000783,10000.0,0
5000784,10000.0,0
5000785,10000.0,0
5000786,10000.0,0
5000787,10000.0,0
5000788,10000.0,0
5000789,10000.0,0
5000790,10000.0,0
5000791,10000.0,0
5000792,10000.0,0
5000793,10000.0,0
5000794,10000.0,0
5000795,10000.0,0
5000796,10000.0,0
5000797,10000.0,0
5000798,10000.0,0
5000799,10000.0,0
5000800,10000.0,0
5000801,10000.0,0
5000802,10000.0,0
5000803,10000.0,0
5000804,10000.0,0
5000805,10000.0,0
5000806,10000.0,0
5000807,10000.0,0
5000808,10000.0,0
5000809,10000.0,0
5000810,10000.0,0
5000811,10000.0,0
5000812,10000.0,0
5000813,10000.0,0
5000814,10000.0,0
5000815,10000.0,0
5000816,10000.0,0
5000817,10000.0,0
5000818,10000.0,0
5000819,10000.0,0
5000820,10000.0,0
5000821,10000.0,0
5000822,10000.0,0
5000823,10000.0,0
5000824,10000.0,0
5000825,10000.0,0
5000826,10000.0,0
5000827,10000.0,0
5000828,10000.0,0
5000829,10000.0,0
5000830,10000.0,0
5000831,10000.0,0
5000832,10000.0,0
5000833,10000.0,0
5000834,10000.0,0
5000835,10000.0,0
5000836,10000.0,0
5000837,10000.0,0
5000838,10000.0,0
5000839,10000.0,0
5000840,10000.0,0
5000841,10000.0,0
5000842,10000.0,0
5000843,10000.0,0
5000844,10000.0,0
5000845,10000.0,0
5000846,10000.0,0
5000847,10000.0,0
5000848,10000.0,0
5000849,10000.0,0
5000850,10000.0,0
5000851,10000.0,0
5000852,10000.0,0
5000853,20000.0,1
5000854,10000.0,0
5000855,10000.0,0
5000856,110000.0,2
5000857,10000.0,0
5000858,10000.0,0
5000859,10000.0,0
5000860,10000.0,0
5000861,11129.3,0
5000862,11126.4,0
5000863,10000.0,0
5000864,10000.0,0
5000865,10000.0,0
5000866,10000.0,0
5000867,10000.0,0
5000868,10000.0,0
5000869,10000.0,0
5000870,10000.0,0
5000871,10000.0,0
5000872,10000.0,0
5000873,10000.0,0
5000874,10000.0,0
5000875,10000.0,0
5000876,10000.0,0
5000877,10000.0,0
5000878,10000.0,0
5000879,10000.0,0
5000880,10000.0,0
5000881,10000.0,0
5000882,10000.0,0
5000883,10000.0,0
5000884,10000.0,0
5000885,10000.0,0
5000886,10000.0,0
5000887,10000.0,0
5000888,10000.0,0
5000889,10000.0,0
5000890,10000.0,0
5000891,10000.0,0
5000892,10000.0,0
5000893,10000.0,0
5000894,10000.0,0
5000895,10000.0,0
5000896,10000.0,0
5000897,10000.0,0
5000898,10000.0,0
5000899,10000.0,0
5000900,10000.0,0
5000901,10000.0,0
5000902,10000.0,0
5000903,10000.0,0
5000904,10000.0,0
5000905,10000.0,0
5000906,10000.0,0
5000907,10000.0,0
5000908,10000.0,0
5000909,10000.0,0
5000910,10000.0,0
5000911,10000.0,0
5000912,10000.0,0
5000913,10000.0,0
5000914,10000.0,0
5000915,10000.0,0
5000916,10000.0,0
5000917,10000.0,0
5000918,10000.0,0
5000919,10000.0,0
5000920,10000.0,0
5000921,10000.0,0
5000922,10000.0,0
5000923,10000.0,0
5000924,10000.0,0
5000925,10000.0,0
5000926,10000.0,0
5000927,10000.0,0
5000928,10000.0,0
5000929,10000.0,0
5000930,10000.0,0
5000931,10000.0,0
5000932,10000.0,0
5000933,10000.0,0
5000934,10000.0,0
5000935,10000.0,0
5000936,10000.0,0
5000937,10000.0,0
5000938,10000.0,0
5000939,2500477.0,13
5000940,10000.0,0
5000941,10000.0,0
5000942,100000.0,0
5000943,10000.0,0
5000944,10000.0,0
5000945,10000.0,0
5000946,10000.0,0
5000947,10000.0,0
5000948,10000.0,0
5000949,100000.0,0
5000950,10000.0,0
5000951,10000.0,0
5000952,10000.0,0
5000953,10000.0,0
5000954,10000.0,0
5000955,10000.0,0
5000956,10000.0,0
5000957,10000.0,0
5000958,10000.0,0
5000959,10000.0,0
5000960,10000.0,0
5000961,10000.0,0
5000962,10000.0,0
5000963,10000.0,0
5000964,10000.0,0
5000965,10000.0,0
5000966,10000.0,0
5000967,10000.0,0
5000968,10000.0,0
5000969,10000.0,0
5000970,10000.0,0
5000971,10000.0,0
5000972,10000.0,0
5000973,10000.0,0
5000974,10000.0,0
5000975,10000.0,0
5000976,10000.0,0
5000977,10000.0,0
5000978,10000.0,0
5000979,10000.0,0
5000980,10000.0,0
5000981,10000.0,0
5000982,10000.0,0
5000983,10000.0,0
5000984,10000.0,0
5000985,10000.0,0
5000986,10000.0,0
5000987,10000.0,0
5000988,60000.0,0
5000989,10000.0,0
5000990,10000.0,0
5000991,10000.0,0
5000992,10000.0,0
5000993,10000.0,0
5000994,10000.0,0
5000995,10000.0,0
5000996,10000.0,0
5000997,10000.0,0
5000998,10000.0,0
5000999,10000.0,0
5001000,10000.0,0
5001001,10000.0,0
5001002,10000.0,0
5001003,10000.0,0
5001004,10000.0,0
5001005,10000.0,0
5001006,10000.0,0
5001007,10000.0,0
5001008,10000.0,0
5001009,10000.0,0
5001010,10000.0,0
5001011,10000.0,0
5001012,10000.0,0
5001013,10000.0,0
5001014,10000.0,0
5001015,10000.0,0
5001016,10000.0,0
5001017,10000.0,0
5001018,10000.0,0
5001019,10000.0,0
5001021,10000.0,0
5001022,10000.0,0
5001023,10000.0,0
5001025,10000.0,0
5001026,10000.0,0
5001027,10000.0,0
5001028,10000.0,0
5001029,10000.0,0
5001030,10000.0,0
5001031,10000.0,0
5001032,10000.0,0
5001033,10000.0,0
5001034,10000.0,0
5001035,10000.0,0
5001036,10000.0,0
5001037,10000.0,0
5001038,10000.0,0
5001039,10000.0,0
5001040,10000.0,0
5001041,10000.0,0
5001042,10000.0,0
5001043,10000.0,0
5001044,10000.0,0
5001045,10000.0,0
5001046,10000.0,0
5001047,10000.0,0
5001048,10000.0,0
5001049,10000.0,0
5001051,10100.0,0
5001052,10000.0,0
5001053,10000.0,0
5001054,10000.0,0
5001055,10000.0,0
5001056,100000.0,0
5001057,10000.0,0
5001058,10000.0,0
5001059,10000.0,0
