AccountId,Equity,Profit
10150,28869.09,3919.09
100000,1988137.56813093,-8786.965095660009
100012,47885.90585757,-100002.0
100037,2373.98593322,-5931.96050615
100057,1425.52568,-18864.47432
100090,12728.32094,-46324.98905937
100124,34.85247906,-11.14752094
100129,6548.59171912,-7611.9359093300045
100149,2581.51176565,-10406.866380989999
100212,1.48969851,-148.51030149000002
100467,62.0238373,4315.818142349997
100595,455.6143071,-973.9453818999997
100597,97.56016041,-499.99000000000063
100648,2.33243592,-497.6675640800001
100703,4.7002,-495.29979999999995
100861,1.03308072,1.0330807199966356
100863,18054.59843593,-384975.5429932298
101002,0.49150461,-3.2453246099999924
101087,3067.05034,352.06594106000034
101125,1397.3483272,217.2993548699997
101140,12.56445223,-1398.1296533999996
101154,281.20889294,-18.791107059999998
101185,53.6,-1146.3999999999999
101251,888.207,388.207
101404,767.9,317.9
101450,-8.302,-557.8
101510,99.81276596,-0.18723404
101639,26968.92363559,2789.558635589999
101646,-16.68054766,-31.26505807
101778,2.57403062,-997.42596938
101834,2340.58411548,-3259.4158845199972
102296,1.48319062,-579.5558711700004
102325,7.13679811,-5752.702009299996
102346,858.01316,-221.6068444000002
102363,23.61251346,-1208.865486139999
102417,65.975063,-434.024937
102448,24.37423364,-975.6257663600004
102455,3446.6242,-53.37580186
102546,71.8932503,-285.00930840999996
102565,3137.0,1137.0
102613,9970.0,2970.0
102649,1560.1,1060.1
102705,200.14129181,-489.89294193999996
102719,12489.62971152,-5924.06979257
102797,213.12712284,213.12712284
102803,77.42716592,-119.26299270999999
102860,-2.96990624,-7000.000000000015
102872,685.89734322,185.89734321999998
102913,300.84061139,-857.00491019
102984,1.00411016,-1999.2139824399994
103069,53.53681872,-199.4490243899999
103094,738.36818665,1000.7137653699999
103116,17.72764398,-458.53317417000017
103313,500.99069567,0.7455126700000001
103397,527.23,-4971.73
103470,2590.70839147,-2230.8538770499995
103491,500.31926,0.31926
103512,8.46509516,-498.74203484000014
103538,1479.7879294,-294.8061699100005
103666,160.90643602,-247.7860055299997
103722,215.31116061,1.2341107599999903
103732,153.26673139,132.40423087000002
103778,4.16360213,-405.8363978699998
103797,289.23958877,-110.76041123
103907,-6.86523992,-1499.9999999999995
103914,241.23185041,-8.298149589999998
103935,8002.87644324,-6036.883556760002
104277,16563.1333935,-4034.8666065
104303,129.37898225,-994.5810177499918
104352,556.1,-25.500000000000004
104489,1.14833488,-248.85166512
104508,999.78187704,-0.21812296
104612,2871.13562739,-2419.73919938
104630,134.73280794,-15669.39869784
104659,450.16369562,-47.71630438
104789,26.23013152,-23.769868479999996
104806,21.85335915,-496.62444395000006
104824,185.68291071,-64.31708928999998
104826,952.00498964,-494.11744481000005
104845,100.0921409,-0.23617012
104983,0.75630822,207.60630822000005
105012,233.0,-767.0
105206,7050.69365089,10064.693650890002
105211,571.69206693,41.30717051000001
105282,14.65242362,-279.34757638
105284,99.9999,-0.0001
105393,522.85273895,272.8527389500002
105404,386.58831454,-424.29168546
105490,2719.81168775,-244.47827814999954
105504,25.23487345,-294.76117336000004
105593,16.24327716,-76.90102956999996
105595,21.96483145,-249.65516854999998
105600,-0.007489,-78.0
105678,112.21155261,-2251.6028707100013
105695,500.1211897,-55.034792840000016
105766,4.19512872,-145.80487128000001
105792,0.76582494,24.765824939999995
105884,-150.0,-11120.0
105940,5.09197613,-239.90703748999994
106138,520.18992575,120.18992575000001
106155,568.02142393,-6283.709938070002
106160,31.45627265,-440.91372734999993
106237,2.22153046,2.2215304599999968
106282,82.57426009,-267.42573990999995
106335,238.7935915,-261.2064085000003
106343,1282.01,281.29
106461,158.10232142,-51.69195189999995
106536,178.64432212,-51.355677880000016
106542,5.348,-245.0
106648,248.35358929,-1.704899049999998
106698,0.46999049,-249.53000950999996
106808,11060.8178815,811.3678815
106822,11.72505103,-238.27494897
106839,37706.63270551,-64430.0
106912,-15.23812803,-693.6686514599998
106999,39.83206513,-259.42073578
107012,252.07859375,2.078593750000002
107111,789.51236345,-130.83555452000002
107309,134.55817901,-1248.59182099
107316,158501.15881341,-171773.83784627
107328,177.82821631,-224.35548780000005
107342,13594.05,1986.6400000000012
107465,54.5383261,-249.56960997000004
107496,0.58858343,-504.76141656999994
107506,239.53960026,-231.25057952999998
107525,208.54422008,-11.45577992
107566,260.70704824,-640.8429517600001
107571,457053.44791953,-1289833.57240157
107579,254.01238215,37.337445450000004
107638,196.14607008,-241.37311988999994
107808,0.63579908,-499.3642009199999
107821,0.54305681,-249.45694319000003
107886,178.32052627,150.00000000000003
107887,934.80086561,172.71436555000014
107945,218.49581802,88.88519128000006
107972,8.78967274,0.5796727399999995
108030,1467.925833,-4373.259535
108044,241.90336825,-24.67526247
108062,244.61696055,34.61696055
108078,69.10541298,-308.48163168
108100,87.05387514,-168.85612485999997
108105,115.04627063,440.51936277999994
108112,2096.02590796,1096.0259079599998
108140,76.06757469,-5.862425310000001
108218,356.19665913,-516.2311859900004
108239,2225.24728074,-1084.1102654300003
108280,277.47318919,27.473189189999992
108301,392.5,92.5
108308,33.95660935,-248.50211534000007
108341,1.61463639,-19.71131723
108387,1.56783639,-249.18216361
108404,326.36930853,-236.80778207999987
108437,635.44,-64.56
108446,10.83799389,-218.57948184
108452,26.58449644,-973.4155035600013
108458,733.22551704,-22227.801986920007
108462,2363.04470601,-5826.987217430005
108533,1396.141256,-1959.579256
108544,190.37005055,-102.06995484000004
108546,40.34508927,-2645.675916589994
108596,44.70250163,-200.29749837
108598,94.51018287,-339.3835756399999
108631,0.29835021,-429.70164979000003
108827,247.53691666,-2.5463706900000007
108836,119.27952196,-975.1325730899993
108850,249.55618132,-0.44381868
108866,238.04209126,-12.93790874
108868,221.66699849,-249.42334979
108900,36.67027918,-208.85414917000003
108927,279.40440805,-220.59559194999997
108934,1383.50052032,-5033.409485399996
109000,3947.0,-1053.0
109015,472.96381066,222.96381065999995
109022,203.26524947,-46.73475053000001
109025,1126.23,126.22999999999999
109031,-1.28594909,-50.0
109076,395.02205285,-1091.7164424699997
109118,131.12392567,-118.87607433000005
109143,259.27045546,-10.41787597
109147,0.5366732,-699.4633267999999
109189,265.72,15.72
109203,12.71734618,-249.3612369500001
109373,86.25619183,-851.131329789999
109407,0.98102744,-249.0189725600001
109449,0.33,0.33
109467,3218.75135607,-10099.573788160014
109482,232.50620143,-246.66901552000004
109484,2015.4532276,-75.91902042
109490,12.41,-249.51000000000002
109551,17904.53825843,-37831.331046720006
109579,5003.64141492,-7184.094913290007
109583,15138.81708591,7942.159313310004
109591,542.7,42.7
109671,-142.81091491,-250.0
109693,542.00518271,42.23241444999999
109738,3939.7088135,-3966.234988000001
109763,5.73942856,-250.00000000000026
109797,-0.23643887,-299.99999999999994
109834,256.20663502,4.593281399999996
109843,252.05419053,-222.25669911000006
109918,22.92055075,-998.4794492499999
109943,218.09923174,91.43736123999996
110003,457.59438785,171.06585318
110007,1.105343,-498.8946569999998
110041,610.14501818,-50.38293962
110079,512.04,4.499999999999999
110089,70.38781,-285.68089782000004
110095,4.29838042,-249.30084886999995
110321,249.94713368,-499.7513356499999
110337,3598.66459548,-722.9889629000072
110386,-1.91266539,-250.0
110396,50932.88326355,-34369.17977258
110397,1328.83409952,-9393.7615835
110398,14.38859903,-249.45140097000004
110557,91.60906153,-248.79084331000007
110621,70.22110867,-5727.386442329999
110629,1037.52,1332.6299999999999
110660,335.54353659,-155.12791423000002
110674,399.88497343,-100.11502657000003
110690,177.8996298,-238.10037020000001
110705,3.40997212,-246.5900278799998
110712,247.01,-12.69
110728,11.1737296,-238.82627039999997
110748,85.68504956,-200.20238412000003
110786,0.52372559,-249.47627440999995
110789,104.76555183,-381.15444817
110793,2796.42791637,-191.93776963
110830,318.67971075,67.92971075000001
111006,265.28779752,-497.08280098000023
111119,99.14629366,2.7548870800000103
111166,55.63164989,-248.02047661
111181,801.06099914,-3693.4911063400004
111217,107205.60938591,41226.87143265998
111221,238.41377377,-44.30750419
111223,2487.97734097,-760.7670040799993
111229,8.9335449,-249.3764551
111245,2.80270046,-997.19729954
111298,0.92093968,-250.7490603199999
111329,3336.59731,-3615.0590001200007
111337,195.03,-178.77045743000005
111342,215.34641206,-38.500159350000004
111422,254.34,4.14
111447,127.91945874,-245.3402394
111460,184.23671144,-259.17347269
111538,234.94381142,-245.00490095999993
111546,1166.60926199,166.60926199000002
111554,248.17184216,-241.97815784
111735,158.8253221,-387.78827525
111743,246.53151435,-248.30853079
111803,15.57353269,1.9335326899999465
111867,249.51,-0.49
111897,3458.58597478,-11743.497152989998
111934,32.10373746,-244.32948334
112049,285.53195925,-166.37550358000013
112059,224.29,-193.98000000000002
112070,158.63556976,-90.12443023999995
112083,206.47921118,-258.86541697
112086,1448.51891861,-442.6513999999999
112244,28.05746131,-249.50787255
112252,348.37320317,-559.2157968300002
112385,151.15974795,-167.74130387999998
112411,1040.44316013,-1233.326375599999
112413,284.31321291,-128.0411028
112446,369.47634143,-265.75842293999995
112491,683.78602619,144.86022618999993
112562,310.78005347,-249.7055694700002
112566,254.02,9.059999999999999
112641,95.24532207,-254.59467793
112653,91.50741229,-249.66800966000002
112720,297.45554947,-248.74228850000245
112732,248.78064087,-3.8897391299999997
112784,243.0,-58666.984730119875
112969,0.33774655,-319.66225345000004
112991,275.61600057,-178.67268743
112994,238.00926361,-249.4330844599999
113045,409.55775281,-249.99999999999997
113123,246.11713202,-137.90714671
113129,999.3061555,-0.6938445
113139,5.5847786,-1329.4152213999998
113254,552.21725908,52.217259080000005
113265,217.17335714,-32.82664285999999
113298,953.258165,-751.6319915699999
113300,237.5884,-59.14898512999997
113454,1.73095252,-243.26904747999995
113467,7.9418469,-216.87578357999996
113524,3012.30736,-128.95497996000034
113528,-6.15064547,-500.00000000000006
113558,600.53307,-898.12845353
113577,6961.56273539,-49303.307264610004
113578,944.4472933,-55.5527067
113627,39.63557059,297.31257500000004
113635,110.0709369,-463.0290631
113643,998.70437985,-1.29562015
113681,210.26135091,-246.03330272
113745,279.43358932,18.25559657000002
113754,230.18,-44.76144186999999
113810,261.46239179,-76.67760821
113836,464.93548327,-122.01075633999999
113986,248.80624087,-2099.508989780001
113988,114.8833301,-231.02514902000004
114049,1.06783768,-553.43216232
114096,185.5947102,-117.52197047000004
114153,227.52,-27.33209158
114168,2698.71007101,-739.8427457099996
114183,16.45,-233.49000000000004
114188,300.63216,-248.20259788999996
114323,11.8,-238.2
114339,533.1067445,-2451.6932555000003
114350,457.73691742,-248.95
114358,124.57107326,-249.55057335999985
114375,939.08949261,-544.5578072699998
114385,969.0,-108.60992
114506,223.07625427,-412.39592467999995
114558,1712.35514585,-362.253469840001
114563,125.8429392,-130.8170608
114565,1197.0276748,-827.4223251999994
114614,93.93910004,-173.79755377000004
114624,1415.52488,245.12488
114626,124.86935673,-184.17512445999998
114632,375.59598667,-712.3480370700001
114726,358.49650132,-1009.4086411200007
114764,39.2328925,-200.72371542000002
114808,0.35623673,-249.64376327000005
114814,2935.91270141,-46111.10729859
114848,167.925132,-130.085814
114854,3.20512071,-246.79487928999995
114880,141.59151889,-370.35122898000003
114913,2076.54620275,-12174.353797249994
114959,197.41063515,-45.45956485000001
114968,229.01875982,-35.673804780000005
114989,497.05,90.45
114997,199.35,-0.65
115130,41.92976822,-466.11023177999994
115134,252.51126639,14.901266389999998
115136,5829.68,829.6800000000001
115173,7.1,-242.9
115202,181.89068357,-498.78822246
115203,239.60484692,-545.1716889800001
115214,1266.18633502,-994.137135
115223,249.19,2.3999999999999995
115235,161.97703434,-239.48091091999996
115261,26986.28087216,9604.20970738
115286,428.64673688,-431.34726311999987
115298,118.80651,-735.25308484
115325,72.41998145,-227.14103972
115331,-7.5360097,-497.51000000000005
115366,289.32707361,-140.94841085
115400,44.37431161,-208.4245315699999
115420,95.37357001,-205.55317707
115438,121.22696168,-351.00000000000006
115488,228.33442143,-467.1385451499999
115490,260.75,-249.42999999999995
115507,1663.71620094,-518.6287699100001
115712,5.22556,-249.67444156000002
115734,121.65728199,-128.34271801000008
115738,255.11786183,4.963957790000001
115749,234.10361915,-44.02859835000001
115757,2958.74939166,959.8377362100008
115823,1116.63463886,1797.6103339500003
115895,119.00142283,-480.99857717
115918,250.23983784,0.23983784
115921,-1753.6,-744.0
115925,404.52230207,173.25444212000056
115996,0.69206811,-474.8479318900001
116019,261.56102146,-220.8384225599999
116024,150.314296,-397.52397118999994
116031,500.1,-78.17566330000001
116035,72.2010951,-169.48829500999994
116037,250.84645144,-245.82092812000013
116056,240.06122659,-494.53877341000003
116115,483.01,-3.24758803
116116,308.77091409,-298.15869754000005
116134,31.45425615,-968.5457438499997
116179,198.73723119,-687.4925095899999
116202,5420.36548305,-5189.1096754499995
116225,251.30079926,-48.285488629999996
116232,1.343252,1.343251999999893
116238,700.16130969,-339.59056466
116243,38.15121599,-3998.816870400001
116267,242.47655398,-7.523446020000001
116287,34147.93466112,-35825.47276953001
116309,222.56491499,-20.0707159
116314,582.03678978,1094.611165799999
116328,1064.71612514,-3334.6899999999987
116364,379.45337132,49.453371319999974
116382,240.02312395,2.4926390299999976
116454,4.19926233,-2817.4620057600023
116470,746.65859345,-268.41687263
116481,204.81736867,-248.54539032999998
116513,191.19631633,-249.99999999999991
116514,220.63053,-30.606170669999997
116517,68.50484215,-181.49515785
116527,175.11387455,-68.49612545
116535,265.85,15.85
116543,399.73392891,744.4058344300001
116555,298.23175687,-156.87513173000002
116559,0.52547183,-499.47452816999976
116562,202.74422797,-8254.909444730001
116605,235.22858611,-101.70226173999998
116618,61.08543161,-229.26456839000014
116634,247.04683188,-572.6691436199997
116647,250.41,0.41000000000000014
116648,1728.192,-1174.5000000000002
116655,145.28975368,-275.68927819000004
116662,267.64265988,-245.15734012000001
116705,308.33720545,-247.18583455
116714,313.64716646,-247.9279882
116722,235.28,-198.79719489
116724,212.66025384,-68.27023427
116725,8.21,-713.91
116770,252.4667417,-252.91741615000004
116771,193.11600935,-149.69403791000005
116772,3885.76,-75.0399999999999
116782,390.61661905,-196.10526772
116787,180.51454936,-197.15160871999996
116802,612.48201572,427.7139054500003
116879,19.79467202,-208.10282063999992
116957,145.65168198,-824.3483180200004
116959,966.4033605,-30931.35
116962,5515.24770699,-2849.281084959999
116967,862.52600958,27.179573320000017
116973,204.04564481,-45.28435518999998
116994,219.60643847,5.347137030000002
117007,135833.63053412,-115813.12708480998
117010,438.51876543,40.951088
117015,7552.57,-1463.4300000000003
117049,10.80162366,-5978.68837634
117070,244.31,-9.7
117092,5576.431781,761.097100799999
117094,118.78072013,-151.45169559
117119,21650.74296,18514.99296177
117128,21.12697664,-390.1470391099999
117129,0.59,-249.41
117145,500.63,-112.3276575
117160,5.61829555,-20790.88170445
117161,546.72257384,-2610.290425479999
117194,65.79978613,-249.64107149999975
117200,675.18987562,-724.46385975
117211,250.8507939,-248.75902513999992
117222,220.55,-88.85000000000001
117250,487.58,-300.57589472999996
117256,1969.8,439.1000000000001
117333,241.54678944,-39.289110619999995
117360,1088.45273441,-1493.9112655899999
117362,250.43,0.4299999999999997
117405,33.06949832,-248.1162480599999
117414,186.66908508,255.00718336000014
117428,826.645765,-273.354235
117441,45.538144,-248.97495254
117444,233.95919184,-213.05054564000002
117457,177.45,-245.54999999999998
117465,0.48613421,-499.5138657900002
117475,510.9,10.9
117484,42.53969538,-498.0700000000001
117506,251.83,2.49
117519,135.64997966,-250.00000000000014
117528,424.17837214,-394.99946400999994
117532,20.33103875,-241.32943552999978
117536,6.81078804,-243.18921196000002
117576,88.54731054,-216.7301863800001
117579,2555.83301,105.94242310999851
117583,1142.32684638,142.32684638000006
117678,18.11575239,-468.65892063999974
117709,303.11194841,-244.57947997000005
117711,253.29,-232.66292
117712,594.45178666,303.09620784000003
117716,83.68940326,-473.1446125899999
117753,278.62666818,-250.00000000000023
117757,137.64935556,-397.69670769999993
117768,3534.97015094,603.3515384400002
117786,1.6305485,-1545.6116444599986
117790,601.77385485,3416.0776119800007
117804,0.40475703,-499.5952429700001
117819,575.57212897,-428.9747213300002
117831,1.07321645,-238.92678354999998
117851,227.17027916,-66.00626648000001
117855,7.36149302,-249.59850698000002
117894,60.46633259,-236.7773173600001
117897,230.11639476,-19.88360524
117905,140.00992092,-59.62792532
117911,243.9759478,-394.6413884399998
117913,5314.6136194,-16783.068036149998
117915,271.95875563,-248.3342956900001
117973,240.07,-9.930000000000001
118084,460.58765764,-256.54236449999996
118109,176.7609871,-80.84880709000001
118110,273.04,-16.82999999999999
118114,62.84644999,-3032.662200710001
118147,279.64,-247.65268447000003
118164,450.79228524,-1346.8414614100004
118165,133.14943972,-1496.5105602799995
118173,12.80136818,-244.15863182000004
118174,4205.11957352,-6567.787786000001
118175,42.86539567,-749.3929022000015
118178,324.87227171,-737.78489314
118180,1497.40731151,-1218.9745465300005
118188,247.93221791,62.11482991
118191,838.797418,-484.102582
118205,491.48624333,-250.04
118233,225.0321261,-108.68014729
118237,91.35708412,-248.35769062
118239,491.20512654,-14.310760900000016
118255,8.40594296,-29.824057039999996
118268,22.06829279,-6.4187375200000005
118273,282.30254652,-225.78726254
118338,3.74264232,-746.25735768
118349,13.99273068,-230.68784765
118365,402.11711135,-339.47159315999994
118373,51.967114,-3497.8728860000006
118376,15724.05665275,-25783.99368251998
118385,240.92,-13.54317730000001
118418,0.88077206,-249.11922794000014
118423,0.5436792,-499.4563208000001
118430,1620.17877573,-294.5506663499999
118442,798.23671981,408.59814128999994
118447,188.77132,-118.51982269000001
118456,340.1263386,-305.00000000000006
118566,116.79987396,-309.2666158800001
118568,252.76743193,1.7103106100000023
118591,491.95,-8.569999999999999
118631,8.71,-1019.8654250099999
118633,333.33952589,-249.6340636699998
118650,399.95308842,-455.89982377999996
118651,2771.09186596,-1.1032060900001994
118664,619.4724447,68.7398829099983
118673,366.89786811,-1544.4136193099996
118717,688.81,-523.47
118729,344.23884917,-759.9999999999998
118750,694.3728638,-993.1780069400013
118753,549.72637807,-1.62295742
118759,104.36502492,-60.67446871000003
118785,204.98530259,-223.09750598999997
118799,1924.2,400.7999999999999
118808,237.99662396,-1569.6100773700011
118811,2.12832936,-1002.8716706399999
118823,240.13283828,-251.71067482000004
118862,103.83372578,-146.16627421999988
118878,8.12221971,-191.8777802900001
118880,302.60845042,-234.50080542000006
118894,601.29081157,-489.0147016999999
118916,503.54906859,3.54906859
118926,631.69,-499.7786329999999
119056,74.86489564,-238.63187498999997
119074,285.74789304,-60.492106960000015
119086,340.98546723,-307.6265713499999
119087,104.51539404,-470.95922757
119131,581.65838774,-355.1347626400001
119146,271.31317418,-222.38394674999995
119172,0.13624376,-24.86375624
119213,242.66348594,-23.19373726
119225,509.79451334,-80.41336700000002
119252,234.66605841,-247.06890020999998
119258,-301.317742,-1469.875296
119267,4.28214067,4.2483587899999975
119271,81.47373638,-542.5629238600001
119306,44.71194318,-205.54294958000003
119315,219.84,-42.93147566
119357,7.73836097,-336.64152030999986
119377,30.60586228,-239.21051896999992
119382,145.12285693,-40.70530613999995
119386,252.21114236,7.376677120000009
119424,911.90527572,-602.3610556199998
119428,456.32745876,-49.80064324000001
119473,16.5903061,-86.32434964000002
119497,256.65017047,-250.0
119505,223.35074069,-243.11917867000003
119525,16.01611675,-495.6098098700001
119557,236.33557229,-18.746430560000007
119599,3.56900003,-496.43099997
119618,3658.113291,-2219.867034
119626,263.1,-47.92117816000001
119649,688.36171783,-569.3135865400001
119714,-1.9148409,-244.81181167000003
119733,9.08545804,-229.65316116999998
119756,0.39646022,-249.60353978000006
119770,155.17,-236.27
119788,11509.96851352,-8047.695138799998
119789,-2.59799562,-250.00000000000003
119797,0.57942007,-249.42057992999995
119839,225.46560328,-26.53439672
119848,248.81205,-75.01831424
119864,1136.35729618,-2097.650744150001
119885,495.44938893,-238.47628630999995
119907,210.00287676,-47.011304550000006
119920,11.25003149,-590.0563457399994
119921,208.75423085,-243.54418923000003
119925,265.563,-202.1
119954,157.02849793,-246.96633457000001
119968,224.76923947,-69.42631161999998
120003,269.64735334,-219.77132517
120009,227.07086966,-23.219130340000003
120010,8.91774884,-41.08225116
120013,42.95676118,-5640.490163030003
120022,2.97963847,-44.55056126000001
120028,462.0940424,271.50562080999987
120158,390.9486955,-19809.49992066001
120167,356.54809204,-249.87668030000003
120181,280.32228133,-248.95245118999998
120184,150.77075641,-771.8157741900002
120191,278.61339827,30.285425349999997
120193,29.10086013,-998.9691398699998
120244,2101.79233773,-9046.466176249996
120248,35.48740527,-738.09927163
120252,296.98,-244.58000000000007
120254,1170.7980892,-8686.942919970003
120263,160.93645933,-249.62179880000008
120267,40.90742278,-191.29763521000004
120296,5.06172441,-244.93827559000007
120297,15.26992649,-249.78464556999978
120298,17.87841515,-232.70457993999995
120311,4.19416239,-289.7211574599999
120326,317.60715142,-201.8620211000001
120343,121.54226318,-240.99108123
120344,23.16276546,-326.83723454000005
120345,65.12734129,-161.21965015000004
120351,136.83340102,-499.21718137999994
120358,788.542934,-487.758714
120400,998.5,-959.7191661500001
120438,477.7,-44.0114012
120440,27.77831811,-225.95830075
120443,153.24188867,-468.6656433900002
120452,1485.44614675,-3978.9876719400017
120457,12.3292,-251.98
120495,556.06659552,-696.47455236
120543,7.5158759,-216.13806355999998
120548,257.15025964,-171.22403631999998
120560,279.584435,-249.74801241999998
120574,31.507968,-448.492032
120627,214.76616769,-231.89496216
120657,148.86060431,-248.41939569000004
120659,211.96999061,-38.030009390000004
120660,145.05530776,-239.66783688999996
120706,6.39641177,-243.6035882299999
120736,4.14979785,-95.85020215
120748,602.68705663,102.68705662999997
120750,7.01995065,-500.0000000000007
120773,276.52,-105.4166433
120782,351.37564566,-218.62435434000002
120804,236.97603246,-73.00227466
120821,14.22810311,-235.77189689000002
120825,45.23309455,-116.53341987000005
120826,182.55160153,-293.7887187299999
120851,257.95,-242.62
120855,57.42280307,-192.93719692999997
120858,82.01716159,-154.05283841000016
120860,357.34023709,-187.10717320999998
120867,322.93123056,-248.50063177
120881,272.51830665,-8.74645016
120894,10988.02623488,4847.196234880002
120911,57.62887083,-249.49452304000002
120914,381.78975669,-485.85024330999994
120921,249.30349464,-0.69650536
120934,424.91245157,-267.71464936999996
120938,23.75441376,-242.06432101
120950,20.43032926,-99.41518550999999
120956,122.4470065,-160.35552845999993
120980,757.14368075,-277.0046359399997
121017,248.0660416,-16.64534883
121030,6.56,-249.54000000000005
121124,986.9312589,-986.14630456
121150,27890.65455056,-66287.65089504998
121151,252.69700934,-113.28525603999998
121153,51.29116631,-198.70883368999995
121188,365.30257071,-425.6144403499999
121239,91.07741613,-534.4303149699998
121243,203.57501972,-419.08292363
121244,43.07131263,-252.5004610200001
121248,303.14446399,-495.30845286000016
121254,207.00551689,-200.32414371999997
121271,53.49265339,-245.99612624000005
121273,1.92021581,-198.07978418999994
121281,1.93104791,-228.59422259999994
121290,7186.4814247,23032.272444690007
121311,76.03651387,-415.03233782000007
121333,148.87302014,-66.50280061999997
121345,561.99362129,4.84362129000003
121350,497.46220661,-194.81240921999995
121351,46.86697706,-369.3406669000001
121382,12.82344873,-245.08200206000004
121396,6.19716585,-215.72793476000032
121409,3.09563176,-1349.2847055500004
121412,-0.7577584,-263.8151998199999
121413,10.72668843,-19.43331157
121418,446.77652406,-150.97462504
121422,1218.31201156,-12.637880799999909
121473,110.99212527,-248.86787473
121480,200.53836859,-247.51163141
121486,42.48763395,-248.15072290999993
121490,139.1,-237.41189583000002
121501,252.79223841,-66.43758002999999
121502,151.25914374,-137.22849435000003
121531,298.30326636,-235.54231638999994
121587,2561.55171273,-97384.59698018998
121633,20.43860981,-249.34769257
121636,78.69710375,-413.7628962500001
121645,19.30288725,-2504.0790863500006
121670,783.64014029,-216.35985970999997
121671,247.97481112,-2.02518888
121683,95.55037239,-197.57902477000002
121693,216.73337885,-33.266621150000006
121694,432.75218874,-8277.756697
121704,328.61235904,-220.98933718999996
121711,7724.29427937,6299.604339319999
121714,52.46279343,-268.17026597999995
121715,6.13831467,-227.27889578999986
121745,707.63470638,-191.31379716999993
121747,3740.5510868,-563.0863893400004
121750,161.277347,-88.722653
121763,2.93065872,-296.9783032200002
121771,95.49134128,-136.6604896099999
121847,11.42249643,-244.09248104
121864,2343.8837835,-1468.9415999999992
121896,4.58941101,-36.111681000000004
121900,63.06328913,-188.82142606999997
121901,3664.18483024,-5895.545101329999
121908,421.46244618,-529.9125538200011
121919,247.02820718,-2.97179282
121938,753.7351852,342.3784635999999
121949,96.076041,-198.86028769
121953,4996.31646776,-36285.663307920055
121976,65.88907528,-49.41768119999999
122034,14896.688572,-3000.0
122130,0.97,-249.02999999999994
122167,1.37731074,-263.13268926
122180,220.09037103,-231.56935672999998
122190,232.3950507,-72.33470539999998
122236,247.71506632,-2.28493368
122263,1445.47452756,-368.0258077399997
122329,562.1074468,-937.6290218900002
122365,235.94510684,-13.73489316
122555,402.204611,-249.34324062000007
122932,231.71125066,-18.288749340000003
123024,489.986169,41.94337841999996
123025,45.88767303,-214.7903889400001
123029,301.18691,-198.81309000000002
123052,61.2556114,-250.44777922999998
123214,15.97356801,-99.80673165999998
123226,145.78594303,-499.45974253000026
123229,482.0,44.69936654
123302,85.96623571,35.01408552000001
123321,504.64,-476.92999999999995
123374,72.32199,-6.3438769799999974
123413,38.52218013,-233.34635576
123525,365.08905435,-247.42225388000003
123584,25.058,-409.9
123585,261.04340423,70.90536475
123594,44.5309367,-249.66512817999987
123595,29.18402294,-228.01845844000005
123602,1.29302285,-248.70697715000003
123605,9693.27297437,-6509.651244120001
123609,636.31627078,-506.30712487999983
123614,249.92975735,-0.07024264999999996
123645,208.79600021,-204.38695146
123666,241.1484836,-708.9544022499998
123686,241.5248948,-207.57656681000003
123715,25.38314272,-498.0168572800002
123716,600.34565284,0.07501011999999996
123735,272.60190201,-28.07824611
123743,3.283,3.25
123746,233.98817882,-429.37536261
123755,57.3299788,-200.74336466999998
123756,118.98476179,141.3514597
123803,266.06644366,130.99999169000006
123824,13386.50659244,-5511.878787059999
123835,501.34,1.5399999999999996
123843,156.22953915,-143.43536565000002
123919,908.958473,-129.10630541000012
124067,477.36175544,-28.977051589999995
124083,16.79510964,-498.1339943899999
124091,15.6260223,-246.74146529
124109,224.2337,-109162.13851466018
124120,1.39671861,-188.69109527999996
124134,188.8874607,-71.51961306999999
124137,56.42,-896.7500000000001
124147,1036.62977317,-472.6886458
124206,531.23182436,16.845850889999998
124240,1166.05051638,-855.01584529
124244,618.54011296,568.2674198600002
124248,1981.32699801,-18.67300199
124313,2.97837926,138.06299238000003
124325,2907.79077355,-15639.940086129993
124336,431.07712396,-193.51239832000002
124353,6200.14636873,1513.8833981000007
124407,287.41055741,-216.80315549999995
124428,212.15057887,-69.14942113000001
124443,53.00880123,-667.9209293299991
124454,138.71050393,-298.28273384000005
124460,11468.39356822,-1107.7588730600032
124467,66.25458684,-313.71065117
124468,10636.34098007,-15203.65901993
124477,15.90984206,-234.09015794
124536,247.74228992,23.141021759999994
124719,207.56187064,-45.19703978999997
124740,245.07256663,-8.59806377
124775,136.59443627,-27.06938371000001
124784,332.03837962,-171.61190457000004
124787,313.30968409,-228.80312383
124803,913.78233817,-9221.506069300003
124805,108.55747882,-246.78096957999998
124809,-61.92784074,-5187.159999999999
124818,5.16514838,13.365148379999841
124828,501.31153533,-440.4439336000001
124837,26813.48052167,-17323.546530160012
124839,1619.09411064,-1010.4958748600004
124959,12.70975481,-248.50687125000005
124964,150.1090846,-105.83091539999994
124979,223.36780275,-501.38001379000025
125003,221.78434824,-425.5400078900001
125019,42.5572476,-56.17076462000001
125022,180.68123436,-69.31876564000001
125041,52.19714419,-242.31741962999996
125098,513.88268378,14.416801510000006
125141,2.89790931,-487.18373280999987
125182,524.25956961,-241.94843352000007
125195,10249.04233891,249.04233891
125317,897.91928615,-855.9659495699999
125318,245.5495813,-249.8908117
125319,80.72311121,-249.48021074999994
125416,4.81334061,-211.40401726000002
125437,55.07136623,-230.64591056000012
125451,250.07,0.07
125466,111.74653068,-121.60904602999997
125580,621.75369796,22.74909373
125857,260.15581132,343.7171666800001
125876,1073.09477467,-974.2675322800008
125894,467.48974851,-32.97275565
126024,3051.67779431,-22.396258910003446
126033,207.74638217,-15.62535929000001
126066,353.81441043,-21274.906028210025
126089,337.65586091,-408.7710909
126114,92.2196491,-958.44727364
126142,207948.51331728,219849.83786418018
126208,309.17707064,-177.35588942999996
126243,745.21421687,-569.0336951800002
126259,-6.47167237,-249.99999999999994
126285,60.19539219,-159.80460781
126394,182.26102565,-246.74517608
126430,7.10482984,-317.76820844000014
126457,216.45514045,-3.5448595499999995
126483,217.54987635,-36.25046029000001
126484,588.01798073,114.33264819
126485,128.9510923,-1613.43471561
126696,8.76622016,-1286.399706040006
126757,57.41964541,-243.40134316000018
126761,254.0702998,2.8750826699999994
126784,4.39050377,-472.90771052
126809,5156.38556627,156.38556627
126893,1040.75436884,454.0346064
126905,222.59310323,-88.22435987
126918,498.48,-3.29
126926,38.60874,-9.969810270000005
126934,-899.27059438,-3716.63893881
126940,406.63774019,-2302.649334499997
126944,237.8981653,-12.1018347
127021,311.11738422,-150.24142681
127032,21.46492796,-247.24507204
127034,208.87456951,-242.70441955999996
127042,104.17364264,-249.57518335999998
127054,488.98393237,-6.264899379999998
127061,126.8834731,-62.78944276000001
127115,513.18487637,-492.4557049899998
127122,153.89353462,-220.63706187000005
127124,208.18406786,-196.13450759
127138,350.21,0.5802736100000003
127152,6.50067112,-943.4993288799999
127170,229.51389333,-223.6784951200001
127219,500.22087245,3.01191357
127238,2433.26381746,-440.26430218999985
127253,721.30060302,-160.61394299999986
127257,200.62056916,-43.65674405
127259,108.61482095,-345.6415629899999
127355,244.09823231,-40.28833127999998
127357,367.84004321,-249.76221396000048
127367,212.44592175,-79.26697704000001
127378,625.37842449,-499.58260370999994
127398,17069.8097356,-4815.83194287
127409,18.08662592,-424.51665456
127412,171.23793788,-250.6930798
127443,1279.83052693,69.0910329000001
127456,241.33514653,-200.18457013000003
127457,4915.72635,-16904.107781280007
127466,346.78289432,-222.37891543000026
127510,235.94041291,-14.05958709
127541,518.433,54.96394968
127545,196.9039,-0.5126705500000001
127592,258.5907096,-13.504213839999998
127595,414.97872179,-765.05827821
127599,250.8664894,1.5698535099999997
127649,117.11724805,-1132.88275195
127653,498.73915515,-1.6941769299999998
127657,310.92403492,-198.74173772000003
127664,283.74014179,23.55476306000001
127683,377.14667768,-222.4012382299995
127701,210.926691,98.76761093
127731,185.32050803,-60.47609536999994
127739,249.08856098,-223.47046018999998
127742,105.25734352,-142.15438948999997
127743,242.9142414,2.7890861000000005
127745,7.50413232,-248.96785846
127746,893.84914823,-249.2964506400002
127754,490.05,-9.95
127831,240.65578765,-9.35281235
127840,649.03979394,-1055.5570948700015
127893,140.52974727,-244.57918295999997
127903,43.11940193,-200.99343754999998
127926,215.10441719,-236.76555292999996
127999,291.160089,-255.5579711599999
128020,0.81129614,-250.89659643
128027,333.02797101,87.73316144
128028,121.22574,-131.77425648000005
128049,319.3260338,-5461.538571680002
128064,191.13879398,-249.13142971
128078,301.25020716,58.86436259999994
128089,1113.44643251,113.44643251000001
128104,972.23789824,-1034.7565367000002
128107,1538.47628607,-1759.401460159999
128112,999.82,-0.18
128130,1444.09906707,-54.083952740000115
128145,3362.97601291,-25486.759922250007
128149,1507.63922155,-79.17056395000002
128166,507.68155747,-233.91648422000023
128237,261.9630315,15.505419020000001
128314,-3.77702797,-240.81192101000002
128322,6.01587226,-95.59685443000002
128349,398.80254,-0.7535319799999911
128363,999.91147228,-994.95531638
128373,95136.72119835,-72417.18715758
128395,703.18038447,-495.0441469000001
128409,241.93322618,-8.4472355
128414,272.46608355,-299.53746253
128447,293.07138563,-228.17879887
128472,22.19130184,-227.50450803999993
128527,795.34734387,-977.3539584800003
128530,252.49,2.49
128546,837.0113057,-739.36068439
128556,381.30422383,-228.46931096999995
128572,283.64527401,-87.28679618
128591,241.17324625,-228.88318257
128666,987.23572485,-26.08958640999998
128674,59.08367637,-200.44460798999998
128684,141.38629473,-244.88823763999994
128740,773.98792901,-967.5015483799996
128744,249.93554036,-170.05123590000005
128747,227.68253058,-53.32328690999999
128756,197.45,56.07861452
128773,8.84127142,-277.38708889
128801,599.167149,-474.58002096000007
128803,197.48490295,-585.40849397
128822,285.24829294,-178.88604881999996
128823,1016.15225223,19.094960899999997
128829,21.36119848,1.101198479999994
128834,34.39317308,-18.908146349999978
128844,462.16956206,-203.88208979
128862,251.86143928,-550.6595564099999
128940,660.43590143,-891.44003816
128960,79.53703539,-486.58991724
128967,497.00134254,-923.7256370000001
129005,245.1921009,-24.16468325
129081,25.42440379,-971.1653687299995
129085,293.57026352,-210.54682365000008
129087,139.50395101,-462.5488432499998
129105,148.12426759,-230.71998266999992
129124,1810.09797675,-385.6231540499999
129133,451.90504164,-285.96631640999993
129139,2984.16496462,1280.4011377099998
129142,92.0085559,-3036.788695090004
129209,234.13320354,-223.31103145999998
129226,238.43872037,180.78049227000002
129251,205.54309699,-95.52573326000001
129257,409.37511296,-982.6679002699994
129359,1930.13780505,-66.69017607999993
129398,3.43947847,-243.63114338999998
129406,239.98857464,-9.49422536
129408,240.75,-287.06432406
129410,260.31477802,58.01871007
129422,188.93507575,-163.92400783
129436,114.24596952,-249.54151205000005
129441,223.89225547,-47.60118829999986
129444,225.66074,-63.08280822
129452,366.29538545,-502.44072685
129475,73.82697086,-222.23122440999998
129502,42.08692758,-495.10535852000004
129566,546.66832154,-203.38122511000017
129588,146.59965026,-498.1127229400001
129593,3884.41964295,-7117.238948060001
129599,573.43,-467.22
129602,240.72152769,-250.76
129605,0.64251767,-249.35748232999998
129680,277.67110353,-233.30933449000008
129717,1275.51613498,-1577.6475535000002
129742,323.57382637,-246.86759242
129767,500.2326268,0.2326268
129889,22063.24699932,-3498.3297960900018
129893,322.2474075,-197.73536047999997
129931,271.54207973,-477.29916671000007
129934,17.96623086,-131.39836913999997
129987,440.16161487,-54.21934907999999
129990,251.76397029,-10.998341990000002
129991,172.1861362,-214.14412297000004
129998,427.12062937,-150.00664635999988
130007,122.46300836,-162.87326536999993
130016,144.07615098,-218.41901452999997
130019,54.99922185,-247.73858363
130020,158.27581643,-243.25843714
130070,305.559148,-249.28804699999998
130090,206.18212199,-234.87348426
130156,238.25350621,-255.92036379
130159,101.99198321,-461.93651739999996
130162,105.90809927,-204.82213652
130165,-2.99189322,-299.69126581
130168,154.42307384,-2096.91046474
130179,140.00855952,-494.9639902399998
130191,258.12438611,-49.64543819
130200,75.72559615,-33.81671998
130215,245.86,-7.28360314
130218,259.46816538,-16.073927479999995
130235,662.08261787,82.39344780999998
130238,228.53777648,-227.12295358999995
130268,40.555,-692.4282503399999
130270,4.11401095,-790.7213031199999
130285,596.79413817,-105.10702759000004
130298,283.5574929,-250.38032207999998
130358,10008.0,8.0
130412,148.39349543,-190.36155581999998
130430,276.77866,-69.60705722
130452,343.90540297,-221.09459703
130453,314.43070736,-245.09737880999995
130455,248.96497799,-1.03502201
130457,2150.83807206,-1272.6177979299996
130478,496.91557372,-193.76552775999994
130480,204.732434,-244.11298666000002
130481,480.91679218,-18.082696449999997
130482,125.818304,-246.734196
130493,449.39920762,-249.56287577
130495,175.44178981,-74.55821019
130543,291.75355903,-251.07586366999996
130546,223.44596942,-7.125080770000054
130551,3.71544236,-661.07004188
130566,180.79921487,-22.183268940000012
130567,381.14055792,-505.0006317199998
130602,208.65164707,-39.87011531
130626,391.63084581,-192.89295256999998
130661,70.50775736,-206.93486921
130677,408.77926885,-224.21503640999998
130703,1126.26908446,-1735.3992155400001
130726,222.08448119,-67.10645832999998
130736,114.81162262,-240.6085657
130751,109.847,-137.0
130762,198.23737845,-82.64892827999998
130765,330.16379,-157.2997585
130793,254.80805444,-55.22494556000001
130814,271.881265,21.881265
130815,3988.71140843,-11974.499486099998
130825,312.9597,-243.70345147000003
130826,64.16856,47.80558284
130845,1280.22049239,-13407.121669919998
130878,225.6490391,-122.64996089999998
130885,68.74124936,18.70268132
130888,350.545936,-280.6968589899999
130895,14314.3236883,-99685.62021340994
130951,427.23171048,-229.15452996000002
130994,297.85084314,-127.03587525999994
131002,208.74812557,-240.84057642000002
131003,271.27,-246.12689795
131015,84.05468786,-191.95748105
131022,13.33469882,-245.05235441000002
131033,505.66,-489.3
131079,246.71924898,-5.830751020000001
131097,46.70545891,-225.40553159000004
131101,248.97996176,-288.38814139999994
131105,269.37447514,19.25234904
131109,297.54217155,-2.45782845
131124,103.69827171,-207.38230369000004
131147,274.95609486,-238.03011938000003
131173,428.63769733,-344.77155351000005
131194,296.67424734,-241.51504157999995
131248,25.15128725,-135.24938855
131255,151.06192331,-113.34720179999995
131256,17.41979686,-234.03059525999996
131261,10.31415284,-549.2346415000004
131334,227.82233316,-246.31449873999992
131344,244.32374779,-35.9657845
131351,120.24159,-106.51919006999998
131358,79.04985156,-250.90372043999997
131373,220.37982577,-223.15279452000001
131469,-16.27824923,-44657.17847336002
131520,292.8639587,-233.25946672000003
131555,249.81,-98.90465579000005
131599,128.80514,-192.98951759
131603,4.19145747,-243.38708957000003
131612,361.4824,-196.0072169199999
131618,125.86667811,-189.52136700999992
131625,814.28083488,-770.1756128500001
131634,3109.33824002,-252.37037634
131649,201.82689324,-238.29564542000003
131686,63.58079531,-2343.583690350001
131696,16.00607,10.265248450000007
131702,22812.788,-39182.25538247
131705,24.7221546,-127.4340498599999
131736,3204.34021871,-17377.39891562001
131773,68.18999032,-331.05093826
131812,585.92492901,-247.75314546999996
131819,166.19027097,-108.52097530000002
131830,132.47053592,-359.72048476000015
131843,310.74992276,-248.0817879100001
131863,203.99446873,-527.7023791300004
131870,125.24902325,-865.5698094499999
131873,33.527,-219.8
131884,558.386013,447.17846646
131929,161.71288549,-142.19721583000003
132003,2365.66235416,-1774.7191343000004
132052,260.0,-241.55
132059,383.44546927,-516.87216641
132110,61.3681661,-243.99004911000006
132155,442.10683722,-14.693554859999999
132166,296.75871953,-101.04804260999998
132177,645.38396385,-440.9666582999999
132180,194.38329116,-508.61420756999996
132186,349.33448494,20.052560210000003
132210,7996.1440805,-3699.0690259999997
132226,245.03031,264.03084573999996
132251,164.31808163,-100.42058962
132292,233.4458282,-238.70259262
132307,310.09057565,-133.55567869000006
132315,276.24384332,27.59070266
132318,253.64578038,-178.11596165000003
132322,48.39541119,-243.65875643
132352,649.76,-0.24
132353,273.35414352,-505.47090287999987
132356,108.49819926,-499.5384300300001
132361,214.4260797,-317.97941649999984
132362,391.12255182,-109.64184801000023
132378,410.20603779,-241.91044182000005
132381,252.14341213,-248.94899999999998
132417,158.09,5.715451460000001
132486,147.49823451,-302.38929517000025
132489,263.49337251,-238.03264862000015
132519,308.8132895,-247.94177954
132526,0.09712183,-13.275099729999999
132527,238.42950476,-11.57049524
132530,249.75738877,-1.05033606
132544,159.28669137,-4004.9703004899998
132588,299.65007042,-298.34692765
132589,260.80742581,-244.20318058
132620,337.08022976,-226.2972694
132624,805.2,-651.55
132644,85.29680779,-245.48742502
132664,216.14089839,-286.37382885
132681,284.72337902,-241.90318140999997
132706,92.88260158,-242.14922434
132713,832.31873792,-497.3643757299999
132731,18.03897577,-249.42865669999995
132733,205.5479297,-91.03891404000001
132769,211.16753691,-213.61202677999995
132854,492.14,-30.792703420000002
132861,804.04900402,-305.3025147999999
132864,1684.77854902,-996.34596415
132884,15.85518792,-210.75896298
132933,96.44020081,-0.83658985
132958,3.31574863,-293.1194879
133008,121.26747611,-239.34572732
133020,240.67840206,-264.29196812
133027,15426.04788697,164264.53771593
133029,501.09,0.9400000000000001
133080,242.94338368,-101.95502963
133128,1991.03103047,-33.46589815
133152,36.63127276,-207.47300845
133175,802.39259354,-2568.9547082299996
133248,1303.11394238,-986.2460506399997
133251,132.36178557,-249.49540353
133253,297.91276754,-1499.0214397500001
133269,144.89540184,-219.11488451999998
133281,12848.06729626,-6267.872515169997
133318,489.57351522,-962.24823016
133462,271.55211,-205.92511449000006
133501,29.995,-264.161196
133519,590.0,-489.80000000000007
133550,193.8826793,-327.26657914
133560,201.3130717,-170.33563673999998
133563,11.8712024,-284.52237592
133580,4976.1196675,-13383.609563499998
133666,76.1353,-424.98
133673,3.5116685,-241.46240015999996
133703,2056.27588652,-23959.244718329996
133727,502.48569881,-460.16512941999997
133781,266.17817069,-244.93548611999995
133802,561.41764292,308.86515075
133865,707.81605894,-717.7715803000003
133868,65.10450232,-223.89148914
133882,214.44413481,-20067.488408600006
133898,243.62787323,-197.95000283000002
133929,538.32370529,-174.22114063000004
133965,252.6785446,-58.267641990000016
133980,311.70974075,-233.11249731000004
133988,211.89924846,-2429.1868964099986
134046,233.43141646,-202.97343091000005
134076,1364.21888122,-1071.6644282299992
134078,214.57628978,-498.60322858999996
134085,262.01070026,-211.05405222000007
134123,307.33977667,-92.40670114
134135,168.56021349,-208.88168286
134149,236.60890703,-112.50846234
134175,8.87648716,26.559795300000133
134201,223.69653055,-102.81320367000002
134383,291.26946508,-478.3000173600001
134387,277.87412881,-116.28863822999999
134405,3.01362886,-236.58865725000004
134407,307.17494016,-250.37068662000004
134417,14987.13064401,-4938.044014990002
134470,256.52136878,-241.0383501900001
134486,244.431,-5.200000000000001
134524,341.48867721,-215.6503795100001
134529,232.44639173,-17.553608269999998
134532,278.61227852,-223.07217133
134537,322.44,-37.56
134583,905.67369568,-648.0817992399998
134602,157.56471187,-542.4206414
134665,11.11479166,-245.92920834
134710,508.69136687,-492.34984735999996
134721,248.56689195,287.5012084399999
134733,243.98113684,-247.72196582000004
134739,-23.40302196,-4491.1420673500015
134740,456.97443645,-31.585563550000003
134752,104.9124707,-313.45668754000013
134809,224.04446827,-459.5614267300001
134823,374.43588828,-598.5092681499998
134869,11.20105051,-496.09031250000004
134889,1143.527197,-1371.26422843
134940,199.15615754,-140.31984732000004
134941,501.64670426,-0.07210272000000013
134944,190.4802834,-341.39458305
134955,269.19349859,-35.34456256
134966,237.23908501,-253.57220091
135002,8213.78639771,-25058.872632470004
135015,106.01398196,-144.14484672
135016,243.61339475,-224.81473723
135023,18.0,-232.0
135139,358.12208896,390.24846923000007
135156,336.04963238,-663.04495898
135157,337.62023806,-24.95651889
135159,239.86231229,-246.78043158
135165,329.28379598,-241.85512114
135169,100.64872593,-209.01133460999998
135185,517.86557463,-986.3567346199995
135202,201.74739801,-209.87033813000005
135203,1273.66,-3972.0
135232,5443.84374086,-2449.740365099998
135253,2350.89235736,-8159.166549490001
135254,530.28175388,-501.56283317
135257,184.07138354,-85.09740979999998
135324,11050.94267619,-41577.134201099994
135338,71.5059087,-149.81709167000005
135353,3130.96539611,-3067.2092083200027
135368,227.28627751,-242.99972249
135375,98.06,0.08453518
135377,486.41,-13.59
135390,721.951,-620.12
135398,1285.586,-8671.373081169999
135410,3632.26789882,-796.2985079899981
135416,506.98549278,-475.9912082899997
135432,2638.79181699,-830.5847110299976
135445,138.13392928,-35.007066370000025
135480,317.30061953,403.09719466999996
135483,5526.26065569,463.6599228799999
135485,438.09955333,-187.32157122
135489,140.67622849,-86.54727945
135530,246.86968,-3.13032
135547,278.7337159,33.91188768
135559,3.60520546,-996.0082594400001
135584,228.77529536,-212.14127560999998
135587,53.70872783,-324.62141702
135596,157.40402345,-640.4697618700001
135603,19398.38481205,-13113.39196607
135614,165.92659262,-83.728956
135630,111.52139786,5.12904849999995
135631,247.69088204,-263.051193
135633,85.4793774,-234.87236945000006
135638,240.94208231,36.842082309999995
135639,2548.48988615,-1654.0034505400001
135675,2005.89618578,2.1822102799999983
135677,415.15273164,-842.9267824500002
135706,449.80025652,-179.97769546
135731,160.65526198,-207.65434929
135732,414.43615914,-488.12601407
135734,235.71424697,-263.21699341
135737,479.41508361,-479.8680781999999
135788,6460.11910063,479.13770851000055
135820,247.08246247,-250.99584178000003
135836,53.261,-103.2
135839,322.3814916,-288.93274518
135840,31.82340536,-214.33551873
135841,319.94219191,-247.04888828000014
135842,2376.66468044,-2924.958016379999
135852,296.23530134,76.15903516
135873,75.363248,-857.0697520000002
135879,323.967829,-697.06082912
135895,5621.21837958,-15080.120203850001
135896,444.64485666,-179.2644435
135916,239.37762109,-194.42009713000002
135924,181.94509268,-87.73242124000001
135926,559.74910123,-490.84014871000005
135951,434.1879733,-383.56114309999987
135966,528.84,-688.8660283699996
135979,325.93903986,-238.72992047999998
135993,288.02269131,-245.24127322
135994,703.97475284,-497.31588289
136011,420.86072685,-199.62548615999998
136021,139.05357849,-189.53450900999997
136091,-22.19721096,-772.19721096
136092,-18.49990467,-1568.4731333
136096,-59.185477,-562.6104770000001
136097,1223.88378599,-1261.9280763099998
136099,139.65271451,-221.08944031000004
136109,491.08917222,-448.57105813999993
136123,311.19894787,-1693.23811083
136148,514.57607876,5.94401468
136158,224.0,-26.0
136176,237.80976512,-237.99023488000003
136183,206.15879859,-208.37181925
136203,135.92064741,-113.42735259
136207,183.6,-66.4
136214,291.96830453,-201.82817802
136248,14.06626806,-549.4095319400001
136249,1770.64128037,-1078.17275295
136265,-0.5205,-981.5499999999998
136294,525.36795479,235.9570122099999
136353,687.24112933,1169.53240867
136367,5.50568753,-637.8378843299998
136439,55.75391751,-334.19552209
136442,248.6,-233.55072352
136463,292.22250468,72.63523576
136486,618.4379912,-441.55771336
136490,262.21653165,-1341.45614666
136494,101416.41109436,59682.78206338999
136504,247.62036,-721.5500000000001
136509,300.16763511,-236.08275232
136514,106.11627334,-279.97935175
136517,14.834074,-235.408926
136519,272.00778764,-49.666252639999996
136539,1099.5,159.37031080999995
136549,248.87038623,-120.50940405
136550,274.53752257,-240.85522396999994
136551,413.78706272,-476.75582409
136602,1030.89232776,-994.63277453
136604,217.53289097,-249.25625378
136617,336.01,-479.07573071999997
136626,5.486,-495.0
136629,615.41115924,-382.7180771599997
136636,481.81080419,-19651.69415147001
136638,217.21880178,-242.78119822
136641,209.70633739,-234.97366691
136643,1689.96116974,-1958.4651829000002
136655,127.41438988,-144.46859981
136670,257.3,-251.69682219000003
136671,227.64158898,-209.8504270199998
136682,524.17994607,-489.78770217999977
136685,131.86895752,-251.38426732
136687,80.02277072,-1249.7900274500005
136697,260.85588171,-246.56838770999994
136723,571.9151663,-493.22799113
136738,4.14000522,-4264.36495214
136741,279.3,-137.81162542
136769,252.75842334,2.7584233400000002
136774,150.8,-487.20000000000005
136784,351.2,-1029.6988930799998
136790,273.871283,21.441283
136798,263.07247626,13.072476260000006
136828,243.3,-239.71026960999998
136853,66.83678873,-298.09143744
136938,299.4,-121.44427618
136939,527.3,219.26030986
136943,363.65663,-19806.88305874001
136957,325.6396065,-241.5485945100002
136966,125.03975312,-215.74875998999997
136979,270.9,-230.75472255
136980,537.27639441,-489.0515999500002
137022,209.54162324,-0.551791039999987
137035,-0.469,-469.6
137058,452.33967945,-493.9668649
137128,552.53631137,-186.14312946999993
137151,136.99954923,-113.00045076999999
137172,297.0535522,4.476070880000009
137211,201.28914094,-48.82759058
137238,478.32,-21.68
137258,269.76696876,0.6247269999999787
137342,81.91921033,-524.7233453599995
137434,911.52645917,9.600298140000213
137465,3053.23698204,-3789.4150955199984
137477,562.85616997,-1390.7790880500002
137536,13.529,-237.2
137538,97.1,-152.9
137614,776.63001607,-447.3186348500001
137622,83.18461674,-531.4557290699998
137659,21.87009275,-472.7914053100001
137753,410.48283325,-229.37069886999993
137789,227.925,-238.95300194999993
137799,257.39958898,-40.20960507
137863,6139.91109275,-3534.63238087
137869,406.08775757,-106.63373065999997
137910,255.06286906,-268.1657451600001
137920,667.7972071,618.40851263
137925,251.10754236,-687.35065817
137926,131.49649148,-194.98536491999997
137937,23138.53458098,89228.21102809999
137944,682.67244222,-287.8251148400001
137945,81.60916894,-477.89889554999985
137950,595.39502166,-503.91337831999886
137955,646.99462485,-896.80498727
137957,85.19876665,-538.50529676
137959,103.03520097,-290.72715762999997
137965,491.75100525,-474.0275162000004
137967,339.98578343,-347.2735199699996
137982,286.22849,-246.13708785000006
137989,1034.37247699,-119.07487548999995
138007,194.79478843,-19.568472830000022
138020,267.52806032,-232.88251249999996
138040,0.0,-846.76287831
138041,1174.79197536,-976.8372951800001
138042,2295.64306719,-4102.2816146699915
138044,211.51245496,-247.97955023000006
138057,1199.0386855,-1744.3543647600004
138061,315.52229163,-214.29210169
138074,738.97415096,-132.39423307999994
138080,13040.74012865,-19660.928871349995
138083,233.7,-16.3
138092,35.67339266,-222.7312313
138104,627.12167686,2.1081897399999843
138110,228.29791142,-227.93494190000055
138114,254.78900295,-230.1275666200001
138115,3192.08615135,-2011.69737542
138117,67.98333585,-240.41141783
138124,182.97,-226.44273197000004
138128,940.968,-146.50000000000009
138152,5824.39597202,-11362.034689940003
138158,399.52264116,-2015.12907723
138163,7816.94936,-17151.425580189996
138183,1926.57727707,-2362.4652839200007
138192,1214.77544479,-1550.807628
138206,31.19650912,-569.76778892
138227,394.7430191,-222.41233094
138236,506.7637556,-801.6127794400002
138239,156.30716737,4.040050689999788
138246,259.12411,23.138351369999995
138265,285.109405,-241.6181387000001
138267,667.02815426,-133.58443015999998
138279,28053.3256068,-26480.484870240016
138280,225.26769858,-154.61591745
138288,927.35278239,8428.755818200003
138296,526.66801747,-490.85106644999996
138311,134.18157544,-205.89547288000009
138312,263.90467848,310.51214119
138327,4.41528172,-2521.31987203
138331,14803.81093908,785.0726086299965
138338,171.63196246,-46.4229044
138340,28077.38758828,-3105.315806090034
138352,642.74479963,-297.07270936
138362,394.67325326,-224.12271823999984
138364,225.5905744,-242.31950973000005
138380,639.94829658,-488.6605252899999
138383,509.92528466,-471.3669854599999
138384,268.65151774,18.65151774
138398,190.96440897,-245.88822232
138400,103956.89887396,22348.62777895999
138415,1889.3058564,295.8776722000003
138419,8967.11396,668.13668539
138426,19108.15392331,-21948.785566219998
138435,1140.432,-953.5
138445,122.51718784,-543.72043334
138453,692.43273334,-383.9063028699997
138457,39.50011625,-549.7284038700002
138458,294.85464598,-207.19635489
138484,508.4,-485.00900679000006
138489,90189.52837529,7213.7229721099975
138501,1624.55884237,147.453752
138508,477.3684995,-345.4282398400002
138527,3369.23,-1171.0395350000001
138539,138.43569031,-229.74304039000003
138544,299.27609109,-198.9343922899999
138550,20267.00641346,-20976.264199910005
138551,3.28664104,-105.81480981
138560,37607.87376293,-2649.23344587
138561,9995.2,-4.8
138570,16492.95158605,-22186.110725780003
5000002,9998.33936,-1.66064
5000003,10031.34327583,31.343225829999998
5000011,637.09399,-9362.90601
5000028,4.65902471,-9995.34097529
5000029,9990.98,-244.71
5000053,10001.85134022,1.8513402200000002
5000066,9994.13,-5.870000000000001
5000067,9999.64985994,-6.380407600000001
5000068,545.91226557,-9454.08773443
5000069,1047.53144314,-8952.46855686
5000073,-57.47488437,-9999.999999999995
5000074,5549.20636851,-4450.793631489997
5000076,10391.19584488,731.1958448799999
5000080,9993.42280864,14.68074715
5000087,9447.59848915,-552.40151085
5000094,9924.1,-75.89999999999999
5000095,9998.82141507,-1.17858493
5000096,10210.69916738,210.69916738
5000097,-132.7707188,-6562.3507188
5000102,116.75,-9883.25
5000121,11014.13734816,1014.13734816
5000124,11951.97418299,1997.21144229
5000125,9999.98,-0.36000000000000004
5000129,18875.0819348,-9987.800499739997
5000130,9974.71783296,-25.28216704
5000133,16399.05014438,-10000.000000000002
5000151,10001.80638867,16.16420242
5000152,61605.32911547,2909.2497523999946
5000153,10960.02731197,960.0273119699998
5000155,0.3721137,-10867.37474759
5000160,9822.00125729,86.00125729
5000164,10000.12,0.39
5000165,10185.81309018,210.41309018000027
5000176,220.41281192,-9963.06393557
5000179,9991.88,-8.12
5000181,10367.6,367.6
5000190,10397.59344474,397.59344474
5000195,9996.83394255,-4.46736475
5000201,-958.53,-10000.0
5000223,10.0,-9990.0
5000228,3477.99061022,-9858.00938978
5000234,51.50974,-9948.490260000002
5000239,0.2,-9999.8
5000248,9998.89476484,-1.1052351599999999
5000249,9830.86259617,-169.13740382999998
5000260,0.56176681,-9999.438233190001
5000268,75.5000184,-9924.4999816
5000272,13381.90776539,9366.90776539
5000278,10417.64,417.64000000000004
5000280,2624.2472871,-7375.752712899997
5000283,9988.62996405,-15.46003595
5000287,9977.66410561,-74.65589439000001
5000294,10000.0,0.0
5000306,51.19693815,-10905.583061850004
5000308,10037.9,258.0
5000312,8829.856836,-1354.80196784
5000313,11244.11778679,1223.12435713
5000319,11825.90099497,3694.3943194800004
5000321,10014.06433532,27.91895134
5000325,135.22682358,-9989.755535920003
5000327,17165.8748,-9916.125199999999
5000329,10179.405542,179.405542
5000333,10359.12085231,359.12085231
5000334,17976.49651112,5881.496511119998
5000336,9998.72092673,-1.27907327
5000339,2345.81228682,-9953.095908660001
5000343,8524.63755263,-9326.389896050001
5000350,238.86157335,-17749.7375779
5000351,10013.36544895,-9986.634551049996
5000353,296.5403,-9703.4597
5000356,2215.0437148,-7654.05980213
5000357,11938.83974761,-9978.248473259999
5000358,4624.15969938,-9967.84030062
5000360,9984.66165414,104.13499691999999
5000361,8912.6,-9385.4
5000364,14096.96029753,-9950.705295880003
5000365,10053.0,53.0
5000366,5177.49137224,-9976.542552760005
5000367,20.27632557,-9999.72367443
5000368,9840.8,-386.8
5000370,10330.9044287,-9107.855001550002
5000371,9593.22334102,-9962.9460565
5000378,10647.64674618,-2024.3858191100012
5000381,55.55168577,-9944.44831423001
5000382,1202.66103214,-9994.54920226
5000383,8130.38000335,-1869.61999665
5000385,14832.56425662,-9984.25624445
5000387,10010.2082002,10.2082002
5000390,10490.17552446,490.17552446
5000392,10654.67800736,-9999.43812597
5000394,2345.21227163,-9934.78772837
5000401,29.45224634,-10211.32725571
5000413,9999.76,7045.64478936
5000415,-2.58884902,-9999.05220363
5000419,700.0,-9300.0
5000420,1098.0,-8902.0
5000421,499.0,-9501.0
5000424,11782.02749219,-9359.806769579998
5000425,75.73786412,-9924.26213588
5000426,16328.08787808,-6975.058972070002
5000427,10000.36112274,7.951122740000001
5000429,9993.15259395,-6.84740605
5000431,1758.67357644,-8241.32642356
5000433,9947.08269441,-52.91730559
5000435,10011.7,11.7
5000436,10004.78,16.38
5000437,9997.22,-21.96598866
5000440,13931.2902829,-9778.209717099999
5000441,850.0,-9150.0
5000442,10324.28451122,-2277.25150294
5000443,10026.80574136,26.80574136
5000445,124.47796,-9999.522039999993
5000448,15321.8453638,-9646.544211169998
5000452,16968.28741623,108943.03514923
5000454,251.65158371,8.462604090000001
5000455,1.61571032,-9998.38428968
5000458,10274.24304767,274.24304767000007
5000462,9934.57997686,-65.52002313999999
5000463,425.02943817,-9574.97056183
5000464,-2749.9643132,-6735.5379132
5000465,8249.66894598,-3053.33105402
5000469,69.58776453,-9930.41223547
5000472,10085.33624239,85.33624239
5000475,9993.65,-4.03
5000477,121.62673801,-9878.37326199
5000480,5363.64448897,3167.1944889700007
5000482,9717.36507466,-282.63492534000056
5000487,10036.65909159,76.40909159
5000490,855.24,-9144.76
5000492,3517.48625768,-302.03321522
5000493,-1.82877207,-10000.000000000005
5000495,1059.16272953,-8940.837270470001
5000497,10003.05,19.400000000000006
5000499,9627.77118411,1254.57797492
5000500,1098.10801659,-8901.891983409996
5000501,236.5,-9763.5
5000504,10003.27884144,-3.811158559999999
5000510,17583.16883976,10061.16883976
5000511,9735.0,-265.0
5000512,10067.24338037,67.24338037
5000513,116.95210312,-10003.849803950001
5000515,6287.76848141,-9792.231518589999
5000518,9607.25509827,-10313.724141439998
5000520,6644.40724888,-8883.18945644999
5000521,10000.22215761,0.6421576099999999
5000523,552.0,-9448.000000000013
5000524,9867.52352772,-132.47647228
5000527,57715.72593084,7019.47376942
5000528,10003.85,3.8499999999999996
5000529,9249.67,-749.31
5000530,195455.23424614,2945.347515520074
5000532,464.24,-9535.76
5000535,16284.83438366,-9999.99999999999
5000536,13182.99314134,-9940.148172289999
5000537,2706.58685572,-9951.932270710004
5000539,276.1068658,-9714.31678806
5000541,181.0754422,-9819.5655709
5000543,30.49046848,-9969.50953152
5000546,1563.2,-4055.7
5000550,10000.09,-86.99
5000552,-9.5,-10000.000000000002
5000553,6037.2,-9079.8
5000558,8947.4712998,-1052.5287002
5000559,9990.97640048,-321.02359952
5000564,342.5275076,-59586.398037189865
5000565,75.22489627,-9924.775103729999
5000571,10810.34367403,810.3436740300001
5000573,9960.04384185,-518.72950364
5000576,181275.69036615,-9080.544394169967
5000577,10009.11748642,9.117486420000002
5000579,9988.69970455,-21.918037929999972
5000580,162.05971732,-9837.94028268
5000581,-0.08199559,-10000.0
5000582,-184.494648,-9471.257264319998
5000583,23419.5,4533.2976505999995
5000584,10264.55997838,264.55997837999996
5000585,9991.2975485,-8.702451499999999
5000586,2107.75,-4610.56332663
5000587,9516.58366332,-9872.0091
5000588,110.25569973,-9903.154300269998
5000589,15468.85833204,-10049.503237219998
5000590,10000.13,6.65827517
5000591,-756.49695721,-9406.57335934
5000596,9939.25850305,-65.15089826
5000597,16951.85076605,-9018.927120300004
5000598,-20.9,-9233.71912878
5000601,9995.44810938,-4.55189062
5000604,19.92267817,-9993.954999999996
5000606,30466.13315313,-7270.3676916199975
5000610,10446.64938447,446.64938447
5000614,10178.42025793,328.7711666900001
5000619,11365.01754684,-8480.36245316
5000620,-26203.0,-101386.74059839
5000625,10100.70699248,100.70699248
5000626,4.99782534,-10008.10366576
5000629,200.0,-9800.0
5000630,12026.25445971,2073.59445971
5000632,9994.93,10.022472499999997
5000634,58.21645218,-8136.0335478199995
5000636,10027.71415371,27.71415371
5000637,-27.92267728,-6593.725985350001
5000639,10017.03470036,25.533484530000017
5000641,7911.8,-2388.2
5000642,12199.41,2199.41
5000644,3326.02077746,-10000.0
5000646,4726.2889767,-6669.982585479998
5000649,9992.80947399,-7.19052601
5000651,9999.82076298,-0.17923701999999997
5000652,10004.40877193,4.40877193
5000653,5793.8599812,-5926.477819759996
5000654,7908.79101738,-9433.53982764
5000661,10077.13066448,85.8883448
5000666,6998.15740602,-10000.0
5000667,1523.83486869,-10386.759999999997
5000668,1190.21270103,-5684.157915739995
5000669,11125.0,1125.0
5000671,10005.81579782,9.26579782
5000672,-2101.23476958,-7491.758826199992
5000673,232.71425391,-6179.672643839999
5000675,9282.11834639,-717.8816536100001
5000676,10434.013355,-3518.386645
5000678,10085.0,-205.85675516000003
5000679,9990.2,-9.8
5000681,10419.75986511,419.7598651099999
5000682,22791.09630719,4072.1395237199995
5000684,11155.15605411,-9581.857274879994
5000685,123.7216661,-9950.48670017
5000687,9704.0,-296.0
5000691,9989.21182569,-10.788174309999999
5000692,-2148.86436529,-10183.981860889999
5000694,10000.0,0.0
5000695,22963.11090963,14801.898187809998
5000702,10000.3,-11.75
5000703,8659.5608704,-2755.9386399200002
5000707,9990.7,92.72962197000001
5000714,9927.65914111,1021.9998479100001
5000716,10179.9102,210.82
5000719,9999.49945029,-5.618614709999999
5000720,9852.08505788,-9839.18288318
5000722,50059.91984789,-5176.143218109924
5000723,9999.83676727,-0.16323273
5000724,12257.0,12411.97517321
5000725,10000.09,0.23
5000728,1197.12303197,-9256.83047539
5000733,13700.31648246,-9674.614710169999
5000735,10000.01980316,-6.3766668399999995
5000736,9973.0959704,1708.7437276
5000738,0.57073742,-9999.42926258
5000739,12759.97093411,10896.853792609996
5000740,10196.46716628,203.22191923999998
5000741,8097.50282039,-292.98052924999934
5000743,8919.07071886,-9712.690311440001
5000745,10667.91017254,655.29517254
5000747,9999.02045819,7.46973031
5000748,9529.07989838,-1378.956881730001
5000753,10000.11,0.10999999999999999
5000759,952.99712244,-9047.00287756
5000763,29788.09522842,13268.652068989993
5000765,10047.85586255,52.66586255
5000767,9999.61,-0.39
5000770,8876.35433556,-1123.85024668
5000771,9449.71956961,-2668.73158767
5000773,9997.66644528,-2.33355472
5000774,44.628,-9922.9
5000775,42.19782658,-10138.552751790001
5000776,8085.29468123,-7643.802988560006
5000779,191.03635032,-9492.45879418
5000780,261.93052268,-10171.5554658
5000781,10744.55,744.55
5000783,8276.38533737,-6911.2641282700015
5000785,10000.04756163,0.04756163000000008
5000786,10000.45006188,0.45006188
5000787,10342.5143587,399.33665638
5000789,10005.13312,8.32110131
5000792,10023.6854,47.129999999999995
5000793,33890.51628982,40928.629441799996
5000794,4384.41170326,-9462.363819669998
5000795,10014.67499799,14.67499799
5000799,9998.64483573,-1.3551642700000002
5000800,9610.43933597,44.70022185999986
5000802,7704.00331437,-10020.728139069997
5000803,104.7278,-10082.77
5000805,-15111.90382397,-5555.249753529992
5000808,8882.43591486,-2642.24463839
5000813,-2184.0,-10000.0
5000814,9618.2,-9951.880312729998
5000815,9542.18802468,-9535.96506262
5000816,756.2250225,-7599.1698848900005
5000821,945.8619687,-9072.762495229998
5000822,5969.91168577,-1603.3994505599997
5000823,17739.9291699,-672.8585020999801
5000824,25675.04090913,18403.615506370006
5000829,10010.59328398,-2349.5867160200005
5000830,10543.23244294,517.54943055
5000831,10031.6,158.58000811999997
5000833,12252.57232282,-10078.03833283
5000834,9998.72,78.11912495
5000837,11354.45317138,2998.918915100001
5000839,9932.67359928,-230.10116803999998
5000840,14654.92895339,5952.962251640002
5000843,9505.10669651,-494.89330349
5000844,2100.80947475,-9436.501131950015
5000845,9293.35419201,-8975.96416612
5000846,-62.2134,-9689.426819240001
5000847,9996.0,-9993.422127540001
5000849,9637.52196837,-9725.6818673
5000850,607.89286872,-9985.023933209999
5000853,20000.82801259,0.82801259
5000856,80694.27581545,-36394.46620521997
5000858,6819.74230609,-9965.97703572
5000859,13324.30078525,23138.478109529995
5000860,10536.10117694,7532.0549730200055
5000864,9854.85,-161.00721441000005
5000865,10001.0,1.0
5000866,10876.2348,1776.2103617000002
5000867,-1130.0,-10534.882537439993
5000868,10520.65286777,-10020.6847122
5000869,11528.88839468,1720.3538888800003
5000870,6211.99690043,-9830.586200149995
5000872,9686.56140397,-384.84877657
5000876,17832.61322879,4929.77458779
5000877,16083.38870282,5023.680528729997
5000878,2225.4676626,-5963.617735400001
5000879,3291.80959256,-9645.40748647
5000880,8857.65401678,-9117.640375399997
5000881,10029.87423608,37.624236079999996
5000882,12578.85643645,-10005.581596990001
5000883,12367.11273276,15958.493244009996
5000884,461.80868757,-9609.60046297
5000886,25322.6639104,-8766.576302909994
5000887,18616.26541602,8624.54398522
5000890,93.23517417,-9951.58855636
5000893,15074.44397048,5308.920804519999
5000896,10016.0,16.0
5000897,57829.8012721,-4436.03610748
5000898,9614.962666,567.3559342500002
5000899,17016.29825156,-8649.032287870006
5000900,9997.5,-19.00655374
5000901,10007.7,7.7
5000903,10175.24333646,218.26042070000005
5000904,10285.0,2137.4577600000002
5000905,10653.79785006,-8393.54976269
5000910,19174.84724947,9226.56724947
5000911,4330.92338677,-10012.666819029997
5000912,10020.79954817,20.83496587
5000915,10171.71144813,71.71210477
5000916,10002.6,-12.499999999999998
5000917,8152.42809495,-1512.850982
5000919,8764.65907902,-1055.7537285600001
5000922,3104.59936905,-9990.55473021
5000923,9940.0,-60.0
5000925,6357.66046684,-3593.65583057
5000926,9994.09,-5.91
5000927,9262.10407666,-5110.91139781
5000928,12285.15864495,-8010.84135505
5000929,54.0,-9946.0
5000931,81.54513773,-9874.201711700001
5000932,8473.43757086,-7989.691609539993
5000933,6583.3414793,-8907.58493527
5000934,3911.12815945,-9915.36971266
5000936,10100.812,72.07490537
5000937,18948.72937328,11743.17392249
5000939,2017820.24372778,-426695.0533578702
5000942,96725.80217375,35117.23377402999
5000943,10518.75,498.32819743
5000944,9251.34859772,-10024.103374889997
5000945,247.62876553,-9839.02123447
5000946,10040.0,40.0
5000947,335.36198963,-9984.01250862
5000949,155640.91045207,-83556.03533812998
5000950,700.0,-9300.0
5000951,49.75282307,-9950.24717693
5000952,991.0,-9009.0
5000953,9356.2796494,-9929.542925709999
5000954,10002.49,27.8848683
5000955,9995.1,-9494.67
5000958,12632.7018114,3294.968045739999
5000959,8796.52536832,-9919.956593800001
5000962,63.0975,-9843.670000000002
5000963,1446.78059565,-9925.380315939996
5000964,10036.60788567,-61.85437511999999
5000967,9455.04874198,-531.56647291
5000969,9992.1,-7.9
5000973,10012.34286791,-34.281199900000004
5000975,2416.475,-9813.96736997
5000980,9883.98880856,-133.88819
5000983,10058.41245893,91.35433813
5000985,9996.509344,-3.490656
5000986,8979.69279513,-6910.293050999997
5000988,21537.63694616,-38740.04648817001
5000989,10024.3607808,29.12690365
5000990,10172.92274323,179.34475617
5000991,90.49042069,-9329.100886799997
5000992,276.7750161,-9723.2249839
5000993,-25143.83217264,-8412.5071192
5000994,9409.5233068,-8168.845927570002
5000996,10505.57949047,518.65949047
5000997,9965.88,-20.9
5000998,9928.64879917,-71.35120083
5000999,444.31397074,-9781.447871399998
5001002,9973.27313374,-25.29785431
5001004,9722.71013135,-275.10986865
5001005,1076.48265932,-8978.92134068
5001011,19759.00609955,10804.173585930002
5001013,10458.55183279,458.0753193400001
5001014,4865.58300074,-9265.15886522
5001015,503.6,-10096.9
5001019,11687.182,1694.94
5001023,10637.0,-9939.96320672
5001027,526.34574593,-8918.450409650002
5001028,11340.19988085,1416.58780522
5001030,6619.5,-3380.5
5001033,8783.06067467,-690.3674206800002
5001034,10073.8,141.69882786
5001037,9569.42496502,-915.8567836600005
5001038,9575.37105698,-424.375669
5001039,4534.58,-5480.0
5001040,9982.0,-18.0
5001044,9958.27886407,-41.72113593
5001045,9955.33589089,-125.44993491000001
5001049,7303.3531283,-3966.61062756
5001056,104410.6,4410.6
