iter	Logloss	AUC	Precision	Recall
0	0.5103760021	0.7262839973	1	0.0005422993492
1	0.392333213	0.7486974895	1	0
2	0.3011491662	0.765868634	1	0
3	0.2406358534	0.7744079828	1	0
4	0.1966010237	0.7876868248	1	0
5	0.166408256	0.7874343991	1	0
6	0.1457350941	0.7957472503	1	0.0005422993492
7	0.1294319045	0.8015130758	1	0
8	0.1190882606	0.7973687649	1	0.0005422993492
9	0.1102289453	0.8002142906	1	0.0005422993492
10	0.1030574713	0.8089677095	1	0.0005422993492
11	0.09844368354	0.8089218438	1	0.001084598698
12	0.09378028342	0.8164209127	1	0.001084598698
13	0.09091788167	0.8176431656	1	0.001084598698
14	0.0887808362	0.8200867176	1	0.001084598698
15	0.08713550668	0.8225411773	1	0.0005422993492
16	0.08598943978	0.8221869469	1	0.0005422993492
17	0.08489254448	0.8243789375	1	0.0005422993492
18	0.083911526	0.8244148493	1	0.0005422993492
19	0.08342080982	0.8245907426	1	0.0005422993492
20	0.08267794678	0.8256348968	1	0.0005422993492
21	0.08222016933	0.8257062435	1	0.0005422993492
22	0.08168976327	0.8286629021	1	0.0005422993492
23	0.08107051185	0.8330107927	0.5	0.0005422993492
24	0.08074520423	0.8329124451	0.6666666667	0.001084598698
25	0.0804307221	0.8330800831	0.75	0.001626898048
26	0.08023374547	0.833450973	0.75	0.001626898048
27	0.08007216937	0.8338006437	0.8	0.002169197397
28	0.07966201548	0.8358071446	0.8333333333	0.002711496746
29	0.07939881737	0.8357102275	0.8571428571	0.003253796095
30	0.07936007888	0.8357580304	0.8333333333	0.002711496746
31	0.07927220105	0.8360088468	0.8571428571	0.003253796095
32	0.07921062368	0.8362340033	0.875	0.003796095445
33	0.07911639783	0.8364890218	0.9	0.004880694143
34	0.07908729693	0.8365237713	0.8888888889	0.004338394794
35	0.07877083676	0.8379320502	0.8461538462	0.005965292842
36	0.07865152523	0.8382508159	0.9166666667	0.005965292842
37	0.07854228129	0.8382062614	0.9333333333	0.007592190889
38	0.07845865518	0.8386879861	0.8888888889	0.008676789588
39	0.0783710031	0.8388249576	0.9	0.009761388286
40	0.07830551802	0.8386585712	0.8947368421	0.009219088937
41	0.07824296238	0.8392575085	0.9047619048	0.01030368764
42	0.0781598469	0.8395728469	0.9090909091	0.01084598698
43	0.07809454995	0.8397902548	0.9090909091	0.01084598698
44	0.07800037785	0.8402013779	0.9130434783	0.01138828633
45	0.07794140204	0.8402114809	0.92	0.01247288503
46	0.07783785573	0.8406318426	0.9230769231	0.01301518438
47	0.0778254822	0.8407091498	0.9230769231	0.01301518438
48	0.07779462902	0.8409124017	0.9230769231	0.01301518438
49	0.07775799758	0.8411690295	0.9230769231	0.01301518438
50	0.077737728	0.8412492275	0.9230769231	0.01301518438
51	0.0775536194	0.8421952128	0.9285714286	0.01409978308
52	0.0775335917	0.8422950804	0.9310344828	0.01464208243
53	0.07751425202	0.8423812389	0.935483871	0.01572668113
54	0.07717633975	0.8447132707	0.935483871	0.01572668113
55	0.07713099524	0.8449944258	0.9375	0.01626898048
56	0.07708705901	0.8452794552	0.9411764706	0.01735357918
57	0.07700472292	0.8454424739	0.9459459459	0.01898047722
58	0.07688805058	0.8459585011	0.9473684211	0.01952277657
59	0.07682868775	0.8463659286	0.9473684211	0.01952277657
60	0.07667374993	0.8472719491	0.9487179487	0.02006507592
61	0.07660027742	0.8474518955	0.9487179487	0.02006507592
62	0.07643802405	0.8485703766	0.95	0.02060737527
63	0.07641687833	0.8486713469	0.9512195122	0.02114967462
64	0.07635240377	0.8489671946	0.9512195122	0.02114967462
65	0.07612756251	0.8498417735	0.9545454545	0.02277657267
66	0.07603735725	0.8501481116	0.9574468085	0.02440347072
67	0.07599784475	0.8502465189	0.9583333333	0.02494577007
68	0.0759518391	0.850466907	0.9574468085	0.02440347072
69	0.07592350147	0.8506875336	0.9583333333	0.02494577007
70	0.07589122925	0.8507285416	0.9583333333	0.02494577007
71	0.0758239005	0.8509143889	0.9583333333	0.02494577007
72	0.07580822128	0.8509746492	0.96	0.02603036876
73	0.07578714543	0.8510168493	0.96	0.02603036876
74	0.07575617399	0.8510014713	0.9607843137	0.02657266811
75	0.07568769497	0.8511927128	0.9622641509	0.02765726681
76	0.07567623521	0.8512304127	0.9622641509	0.02765726681
77	0.07556278793	0.8517518044	0.9622641509	0.02765726681
78	0.07545613481	0.8524772227	0.962962963	0.02819956616
79	0.07541205345	0.852638185	0.9636363636	0.02874186551
80	0.07537744843	0.852650553	0.9649122807	0.02982646421
81	0.07535238425	0.8527165949	0.9661016949	0.03091106291
82	0.07533613526	0.852800101	0.9661016949	0.03091106291
83	0.07527468152	0.8530273438	0.9666666667	0.03145336226
84	0.07514420586	0.8532602489	0.9705882353	0.03579175705
85	0.07510630589	0.8533887565	0.9705882353	0.03579175705
86	0.07506873381	0.853531599	0.9705882353	0.03579175705
87	0.07500032466	0.8538224101	0.9718309859	0.0374186551
88	0.07498928416	0.8538849354	0.9710144928	0.0363340564
89	0.07496719242	0.8540579677	0.9705882353	0.03579175705
90	0.0749492879	0.8541313112	0.9701492537	0.0352494577
91	0.07494296675	0.8541294038	0.9705882353	0.03579175705
92	0.07487412222	0.8542725146	0.9714285714	0.03687635575
93	0.07483203503	0.8544636369	0.9714285714	0.03687635575
94	0.07472584954	0.8549799323	0.9577464789	0.03687635575
95	0.07456823491	0.855532378	0.9583333333	0.0374186551
96	0.07455495836	0.8555443287	0.9583333333	0.0374186551
97	0.07447328879	0.8557245433	0.9594594595	0.0385032538
98	0.07446797818	0.8557418585	0.9605263158	0.03958785249
99	0.07441661353	0.8558279872	0.9615384615	0.04067245119
100	0.07435497703	0.8559325635	0.9615384615	0.04067245119
101	0.07428140777	0.8560354114	0.962962963	0.04229934924
102	0.07424653937	0.8561192155	0.9634146341	0.04284164859
103	0.07421719659	0.8563006818	0.9642857143	0.04392624729
104	0.07421583669	0.8563015163	0.9642857143	0.04392624729
105	0.07421162259	0.8562954962	0.9642857143	0.04392624729
106	0.074201856	0.856354028	0.9642857143	0.04392624729
107	0.07418436536	0.8563709855	0.9647058824	0.04446854664
108	0.07413161393	0.8566297889	0.9651162791	0.04501084599
109	0.07407254137	0.8567540944	0.9651162791	0.04501084599
110	0.07400350333	0.8571286201	0.9647058824	0.04446854664
111	0.07399002791	0.8571891189	0.9651162791	0.04501084599
112	0.07396901656	0.8572148979	0.9659090909	0.04609544469
113	0.07395879309	0.8572288454	0.9662921348	0.04663774403
114	0.07390101055	0.8573747575	0.9659090909	0.04609544469
115	0.073887476	0.8573586643	0.9666666667	0.04718004338
116	0.07384304526	0.8575346172	0.9662921348	0.04663774403
117	0.07383566522	0.8575835526	0.9666666667	0.04718004338
118	0.0737707069	0.8578945398	0.9666666667	0.04718004338
119	0.0737373704	0.857961148	0.967032967	0.04772234273
120	0.07369132713	0.8581751883	0.967032967	0.04772234273
121	0.07352876201	0.8587092161	0.9684210526	0.04989154013
122	0.07352283325	0.8587954938	0.9684210526	0.04989154013
123	0.0734858578	0.8588654101	0.9684210526	0.04989154013
124	0.07346130426	0.8589365482	0.9684210526	0.04989154013
125	0.07339507741	0.8591825366	0.9690721649	0.05097613883
126	0.07335481238	0.8592298627	0.9789473684	0.05043383948
127	0.07321886486	0.8596650958	0.9696969697	0.05206073753
128	0.07312828334	0.8599379063	0.9705882353	0.05368763557
129	0.073096425	0.8598672152	0.9702970297	0.05314533623
130	0.07307931062	0.859942019	0.9611650485	0.05368763557
131	0.07292482968	0.8603646457	0.9708737864	0.05422993492
132	0.07288080208	0.8606088758	0.9711538462	0.05477223427
133	0.07286105389	0.8607081175	0.9716981132	0.05585683297
134	0.0727753046	0.8610121906	0.9714285714	0.05531453362
135	0.072731664	0.8612578213	0.9716981132	0.05585683297
136	0.07271145355	0.8612916768	0.9716981132	0.05585683297
137	0.07267940709	0.8615094721	0.9716981132	0.05585683297
138	0.07267155942	0.8615092337	0.9716981132	0.05585683297
139	0.07254374982	0.8617503345	0.9663865546	0.06236442516
140	0.07248950949	0.8619475067	0.9663865546	0.06236442516
141	0.07248618766	0.8619638383	0.9583333333	0.06236442516
142	0.07245019586	0.8621238172	0.958677686	0.06290672451
143	0.07244042389	0.8621787131	0.958677686	0.06290672451
144	0.07242117559	0.8622128665	0.9590163934	0.06344902386
145	0.07241337629	0.8622083962	0.96	0.06507592191
146	0.07240870531	0.8622144163	0.9677419355	0.06507592191
147	0.0724027873	0.8622072935	0.9677419355	0.06507592191
148	0.072360985	0.8624016643	0.9682539683	0.06616052061
149	0.07226467898	0.8627362251	0.9682539683	0.06616052061
150	0.0722564228	0.8627570271	0.9682539683	0.06616052061
151	0.07221416898	0.8629796207	0.9618320611	0.068329718
152	0.07208115089	0.8635544479	0.9692307692	0.068329718
153	0.0720309849	0.8638118804	0.9696969697	0.0694143167
154	0.07198636603	0.863973856	0.969924812	0.06995661605
155	0.07195706625	0.8640015125	0.9703703704	0.07104121475
156	0.07193906498	0.8640199304	0.9701492537	0.0704989154
157	0.07192694408	0.864094317	0.969924812	0.06995661605
158	0.07188126631	0.8642545044	0.969924812	0.06995661605
159	0.07185252017	0.8643492162	0.9705882353	0.0715835141
160	0.0718131958	0.8645379543	0.9705882353	0.0715835141
161	0.07180025251	0.8646182418	0.9705882353	0.0715835141
162	0.07170796708	0.8648165464	0.9712230216	0.07321041215
163	0.07169368001	0.8648381829	0.9712230216	0.07321041215
164	0.07169058932	0.8648428321	0.9714285714	0.0737527115
165	0.0715908271	0.8649882078	0.9785714286	0.07429501085
166	0.07156941262	0.8650671244	0.9785714286	0.07429501085
167	0.07156442988	0.8650847077	0.9787234043	0.0748373102
168	0.07132025969	0.8663466871	0.979020979	0.07592190889
169	0.07131182613	0.8663448691	0.979020979	0.07592190889
170	0.07126496046	0.8665814996	0.9791666667	0.07646420824
171	0.07125296857	0.866645664	0.986013986	0.07646420824
172	0.07123829987	0.8667014539	0.9862068966	0.07754880694
173	0.07117040136	0.8667151928	0.98	0.07971800434
174	0.07114992753	0.8667522967	0.9802631579	0.08080260304
175	0.0711444019	0.8667673171	0.9802631579	0.08080260304
176	0.07107931458	0.8671118319	0.9802631579	0.08080260304
177	0.07104644572	0.8671592772	0.9805194805	0.08188720174
178	0.07102608477	0.8672075272	0.9802631579	0.08080260304
179	0.07099494132	0.8674029708	0.9803921569	0.08134490239
180	0.07093842194	0.8675465584	0.9803921569	0.08134490239
181	0.07086991066	0.867721796	0.9803921569	0.08134490239
182	0.07085257053	0.8677968085	0.9802631579	0.08080260304
183	0.07078677369	0.8681206107	0.974025974	0.08134490239
184	0.07078230696	0.8681274056	0.974025974	0.08134490239
185	0.07074124105	0.8681944609	0.974025974	0.08134490239
186	0.07059583869	0.8691100478	0.9741935484	0.08188720174
187	0.07052973546	0.8692396581	0.9743589744	0.08242950108
188	0.07050047869	0.8692879975	0.974522293	0.08297180043
189	0.07049805988	0.8693006337	0.9746835443	0.08351409978
190	0.07047403847	0.8694657981	0.9746835443	0.08351409978
191	0.07044720588	0.8696486652	0.9746835443	0.08351409978
192	0.07040160336	0.8697682619	0.9746835443	0.08351409978
193	0.07039175614	0.8698238134	0.9746835443	0.08351409978
194	0.07031719248	0.8700219393	0.9746835443	0.08351409978
195	0.07016061524	0.8706483543	0.9751552795	0.08514099783
196	0.07012268302	0.8707354069	0.9751552795	0.08514099783
197	0.07004683471	0.8710637093	0.9754601227	0.08622559653
198	0.07003220901	0.871116519	0.9754601227	0.08622559653
199	0.06999113234	0.871294111	0.9754601227	0.08622559653
200	0.06996511139	0.8713436723	0.9754601227	0.08622559653
201	0.06996261196	0.8713461161	0.9754601227	0.08622559653
202	0.06993255429	0.8714747131	0.9756097561	0.08676789588
203	0.0698030354	0.8719406426	0.9764705882	0.09002169197
204	0.06976793587	0.8721229732	0.976744186	0.09110629067
205	0.06972194097	0.8723669052	0.9772727273	0.09327548807
206	0.06970149402	0.8724249303	0.9775280899	0.09436008677
207	0.06964949511	0.8725213408	0.9776536313	0.09490238612
208	0.06962841389	0.8726104498	0.9777777778	0.09544468547
209	0.06955555952	0.8728463352	0.978021978	0.09652928416
210	0.06953893965	0.8729055524	0.9779005525	0.09598698482
211	0.0694066257	0.8734085858	0.9782608696	0.09761388286
212	0.06930458443	0.8739315867	0.9782608696	0.09761388286
213	0.06927210258	0.8739856482	0.9784946237	0.09869848156
214	0.06926371202	0.8739786446	0.9784946237	0.09869848156
215	0.06906150001	0.8746597171	0.9787234043	0.09978308026
216	0.06904973925	0.8747267127	0.9787234043	0.09978308026
217	0.06903183473	0.8748175502	0.9787234043	0.09978308026
218	0.06898718898	0.8749665618	0.9786096257	0.09924078091
219	0.06896478548	0.8749991655	0.9789473684	0.100867679
220	0.0689227413	0.8752835989	0.9786096257	0.09924078091
221	0.06886027703	0.8754697442	0.9790575916	0.1014099783
222	0.06885620269	0.8754783869	0.9791666667	0.1019522777
223	0.06884580721	0.8754959702	0.9791666667	0.1019522777
224	0.06880659571	0.8755515218	0.9795918367	0.1041214751
225	0.06878668089	0.875577867	0.9794871795	0.1035791757
226	0.06871632595	0.8756978214	0.9800995025	0.1068329718
227	0.06869959858	0.8757623136	0.9801980198	0.1073752711
228	0.06868998786	0.8757929802	0.9801980198	0.1073752711
229	0.06867215859	0.8759270906	0.9802955665	0.1079175705
230	0.06862577668	0.875987947	0.9804878049	0.1090021692
231	0.06856744588	0.8761977255	0.9801980198	0.1073752711
232	0.0685658871	0.8761968017	0.9802955665	0.1079175705
233	0.06853013718	0.8762614429	0.985	0.1068329718
234	0.06850989448	0.8762741685	0.9801980198	0.1073752711
235	0.06846682902	0.8763965964	0.9802955665	0.1079175705
236	0.06844411914	0.8764020205	0.9802955665	0.1079175705
237	0.06839457666	0.8766002059	0.9801980198	0.1073752711
238	0.06835765496	0.8766943216	0.9805825243	0.1095444685
239	0.0683526776	0.8767310381	0.9805825243	0.1095444685
240	0.06826696057	0.8768596053	0.980861244	0.1111713666
241	0.06826428913	0.8768713176	0.980861244	0.1111713666
242	0.06809758517	0.8775031567	0.980952381	0.1117136659
243	0.06806695774	0.8775987029	0.9813084112	0.1138828633
244	0.06796930256	0.8777740598	0.9817351598	0.1165943601
245	0.0678712765	0.8781183958	0.9818181818	0.1171366594
246	0.06786845994	0.8781631291	0.9817351598	0.1165943601
247	0.06777557787	0.8785607219	0.981981982	0.1182212581
248	0.06777248718	0.878608495	0.981981982	0.1182212581
249	0.06774061272	0.8786645532	0.9820627803	0.1187635575
250	0.06773239954	0.8787048459	0.9820627803	0.1187635575
251	0.06770979716	0.8787183166	0.981981982	0.1182212581
252	0.06768702278	0.8788514137	0.9820627803	0.1187635575
253	0.0676396626	0.8791348338	0.982300885	0.1203904555
254	0.06755907343	0.8793848455	0.9822222222	0.1198481562
255	0.06734711633	0.8802102506	0.982300885	0.1203904555
256	0.06734476203	0.8802078068	0.9866666667	0.1203904555
257	0.06731673615	0.8802178502	0.9826086957	0.1225596529
258	0.06720796523	0.8805511594	0.9824561404	0.1214750542
259	0.06718012211	0.880654335	0.9826086957	0.1225596529
260	0.0671056122	0.8807192743	0.987012987	0.1236442516
261	0.06700939218	0.8809241652	0.9872340426	0.125813449
262	0.06698792933	0.8810256124	0.9872881356	0.1263557484
263	0.06697063757	0.8810441196	0.9873417722	0.1268980477
264	0.06693057143	0.8811139464	0.9875518672	0.1290672451
265	0.06683816237	0.8815227747	0.9875518672	0.1290672451
266	0.06682426769	0.881534636	0.9875	0.1285249458
267	0.0668000259	0.8816023469	0.9832635983	0.1274403471
268	0.06679709645	0.8816102147	0.9832635983	0.1274403471
269	0.06675583704	0.8816955686	0.9834024896	0.1285249458
270	0.06670557429	0.8818452358	0.9834710744	0.1290672451
271	0.06669944666	0.881844759	0.9834710744	0.1290672451
272	0.06650348054	0.8827625513	0.9836734694	0.1306941432
273	0.06644161829	0.8828474581	0.9838709677	0.1323210412
274	0.06632929979	0.8831687868	0.984	0.1334056399
275	0.06625839658	0.8834206164	0.984	0.1334056399
276	0.06622667263	0.8835267425	0.984063745	0.1339479393
277	0.06621499249	0.8835630119	0.9842519685	0.1355748373
278	0.06613957956	0.883823216	0.984496124	0.1377440347
279	0.06611715994	0.8838392496	0.9846153846	0.1388286334
280	0.06610741484	0.8838427067	0.9846743295	0.1393709328
281	0.06609919629	0.8838468194	0.9846743295	0.1393709328
282	0.06608632825	0.8838803768	0.9846743295	0.1393709328
283	0.06603979046	0.8840175867	0.9846743295	0.1393709328
284	0.0659798525	0.8844338357	0.9847328244	0.1399132321
285	0.06597567604	0.884444952	0.9847908745	0.1404555315
286	0.06586020771	0.8847980797	0.9849056604	0.1415401302
287	0.06573583282	0.885165751	0.9885931559	0.1409978308
288	0.06572682949	0.8851819038	0.9848484848	0.1409978308
289	0.06567495959	0.8852826357	0.9849056604	0.1415401302
290	0.0656173383	0.8854852319	0.9850187266	0.1426247289
291	0.06554012471	0.885763824	0.9851301115	0.1437093275
292	0.06540933192	0.8862921596	0.9889705882	0.1458785249
293	0.06540472007	0.886323601	0.9889705882	0.1458785249
294	0.06540096286	0.8863443136	0.9852941176	0.1453362256
295	0.06536835738	0.8863848746	0.9853479853	0.1458785249
296	0.06532665721	0.8865809739	0.9889298893	0.1453362256
297	0.0653176055	0.8866142333	0.9853479853	0.1458785249
298	0.0652634028	0.8866854608	0.9854545455	0.1469631236
299	0.06521298955	0.8868096173	0.9854545455	0.1469631236
300	0.06520766281	0.8868420422	0.9854545455	0.1469631236
301	0.06515355147	0.8869814575	0.9856115108	0.1485900217
302	0.06489342256	0.8881946802	0.9891304348	0.1480477223
303	0.06483727406	0.8884498775	0.9855595668	0.1480477223
304	0.06483003914	0.8884584606	0.9891696751	0.1485900217
305	0.06480336243	0.8885031641	0.9857142857	0.1496746204
306	0.06475311581	0.8887936771	0.9892857143	0.1502169197
307	0.0647346899	0.8889338672	0.9857651246	0.1502169197
308	0.06458286426	0.8894447386	0.985915493	0.1518438178
309	0.06454966215	0.8895536661	0.9859649123	0.1523861171
310	0.06443893468	0.8900241554	0.9895833333	0.1545553145
311	0.06442430898	0.8900829554	0.9895470383	0.1540130152
312	0.06441822435	0.8900922835	0.9895470383	0.1540130152
313	0.06439286453	0.8902666271	0.9895470383	0.1540130152
314	0.06436883237	0.8903435767	0.9896551724	0.1556399132
315	0.06420620813	0.8909811676	0.9896193772	0.1550976139
316	0.06420569211	0.8909851015	0.9896551724	0.1556399132
317	0.06420321956	0.8909875453	0.9896193772	0.1550976139
318	0.06417776299	0.8910354078	0.9897610922	0.1572668113
319	0.06416005735	0.8910970986	0.9897610922	0.1572668113
320	0.06411950744	0.8912214339	0.9897610922	0.1572668113
321	0.06408573019	0.8912744224	0.9897260274	0.1567245119
322	0.06408325226	0.8912624419	0.9897260274	0.1567245119
323	0.06398425868	0.8915219009	0.9898989899	0.1594360087
324	0.06398284503	0.8915291131	0.9899328859	0.159978308
325	0.0639603394	0.8916001916	0.9899665552	0.1605206074
326	0.0638828463	0.891979903	0.9867109635	0.1610629067
327	0.06380443405	0.8921086192	0.9867109635	0.1610629067
328	0.06378078353	0.8921652138	0.9867109635	0.1610629067
329	0.06372524779	0.8925142586	0.9867549669	0.1616052061
330	0.06371911478	0.8925217688	0.9867109635	0.1610629067
331	0.06367104508	0.8926427066	0.9868421053	0.1626898048
332	0.06364100354	0.8927111924	0.9901639344	0.1637744035
333	0.06357129898	0.8930284977	0.9900662252	0.1621475054
334	0.06347961557	0.8931690156	0.9901315789	0.1632321041
335	0.0634519552	0.8932232857	0.9901639344	0.1637744035
336	0.06343018597	0.8933361471	0.9901639344	0.1637744035
337	0.06329661424	0.8942287862	0.9902597403	0.1654013015
338	0.06324822741	0.8944294155	0.990228013	0.1648590022
339	0.06311042547	0.8949248791	0.9902912621	0.1659436009
340	0.06308637181	0.8950176835	0.9902597403	0.1654013015
341	0.06306508096	0.8950945437	0.990228013	0.1648590022
342	0.06304700443	0.895237118	0.9903225806	0.1664859002
343	0.06301674251	0.8953319192	0.9903536977	0.1670281996
344	0.06295219807	0.8956524432	0.9903536977	0.1670281996
345	0.06281844897	0.8959069848	0.9936305732	0.169197397
346	0.062808634	0.8959107101	0.9936102236	0.1686550976
347	0.06277846883	0.8960295022	0.9936102236	0.1686550976
348	0.06274645999	0.8960889578	0.9936708861	0.1702819957
349	0.0627289586	0.8961518407	0.9936908517	0.170824295
350	0.06266491942	0.8962320387	0.9937106918	0.1713665944
351	0.06262106382	0.896484226	0.9937106918	0.1713665944
352	0.06261715611	0.8964993656	0.9937106918	0.1713665944
353	0.06261048021	0.8965090811	0.9937106918	0.1713665944
354	0.06251930205	0.8967916667	0.9937106918	0.1713665944
355	0.06247269977	0.8969018459	0.9938080495	0.1740780911
356	0.06241521824	0.8971141279	0.9938271605	0.1746203905
357	0.06226340873	0.8977870047	0.9938461538	0.1751626898
358	0.06224206951	0.8979157805	0.9938461538	0.1751626898
359	0.06224045697	0.8979044855	0.9938461538	0.1751626898
360	0.06221038855	0.8980199099	0.9938461538	0.1751626898
361	0.06218591563	0.8981077373	0.9939393939	0.1778741866
362	0.06213510462	0.8983778656	0.9939577039	0.1784164859
363	0.06212632705	0.8984031081	0.9939759036	0.1789587852
364	0.06209682302	0.8984732032	0.994047619	0.1811279826
365	0.06204807068	0.8986530304	0.9910447761	0.1800433839
366	0.06203619167	0.898696214	0.9910979228	0.1811279826
367	0.06196212252	0.8988789618	0.9911504425	0.1822125813
368	0.06189650306	0.8990641236	0.9940652819	0.181670282
369	0.06186790205	0.8991919756	0.9910979228	0.1811279826
370	0.06185792582	0.8992381096	0.9910979228	0.1811279826
371	0.06178914579	0.8994730413	0.9911764706	0.1827548807
372	0.0617432584	0.8995354772	0.991202346	0.18329718
373	0.06172406922	0.8995521665	0.991202346	0.18329718
374	0.06168371282	0.899736613	0.9912536443	0.1843817787
375	0.06168105214	0.8997627497	0.9912280702	0.1838394794
376	0.06164722651	0.89986974	0.9913043478	0.1854663774
377	0.06159681863	0.899921149	0.9913294798	0.1860086768
378	0.06136308693	0.9009658694	0.9913793103	0.1870932755
379	0.06135807732	0.9010127485	0.9913793103	0.1870932755
380	0.06130735769	0.9011756778	0.9914040115	0.1876355748
381	0.06129479603	0.9012315869	0.9914529915	0.1887201735
382	0.06120282236	0.9018296897	0.9943502825	0.1908893709
383	0.06118986832	0.9018515348	0.9943661972	0.1914316703
384	0.06118811066	0.9018527865	0.9943661972	0.1914316703
385	0.06112329746	0.9021691084	0.9944134078	0.1930585683
386	0.06100138437	0.9024255872	0.9943820225	0.1919739696
387	0.06099218754	0.902487874	0.9943820225	0.1919739696
388	0.06095769002	0.9025912583	0.9943977591	0.192516269
389	0.06081114814	0.9031644464	0.9944444444	0.194143167
390	0.06071326183	0.9032994509	0.9945504087	0.1979392625
391	0.06066449874	0.9034984112	0.9945355191	0.1973969631
392	0.06061742882	0.903619349	0.9945504087	0.1979392625
393	0.06048389472	0.9041746855	0.9919786096	0.2011930586
394	0.06041943091	0.9044078588	0.992	0.2017353579
395	0.06040851942	0.9043933153	0.9919786096	0.2011930586
396	0.06039209843	0.9044305682	0.992	0.2017353579
397	0.06023582757	0.904946804	0.9920844327	0.2039045553
398	0.06023533844	0.9049455822	0.9920844327	0.2039045553
399	0.06023305939	0.9049576819	0.9921259843	0.204989154
400	0.06022995257	0.9049518704	0.9921259843	0.204989154
401	0.06020916698	0.9050162733	0.9921465969	0.2055314534
402	0.06019969602	0.9050446153	0.9921671018	0.2060737527
403	0.06012761029	0.9052873552	0.9921259843	0.204989154
404	0.06010731384	0.905351758	0.9921671018	0.2060737527
405	0.06004711249	0.9055511951	0.9921671018	0.2060737527
406	0.0599843956	0.9056855142	0.9922279793	0.2077006508
407	0.05997838621	0.9057320356	0.992248062	0.2082429501
408	0.05996662008	0.9057923853	0.9922279793	0.2077006508
409	0.05996538917	0.9058125615	0.9922279793	0.2077006508
410	0.0599081764	0.9060460925	0.9922279793	0.2077006508
411	0.05980000749	0.906280458	0.9948320413	0.2087852495
412	0.05975545312	0.906360805	0.9948320413	0.2087852495
413	0.05969993889	0.9065091014	0.9948586118	0.2098698482
414	0.0596780944	0.9066075385	0.9948453608	0.2093275488
415	0.05964978902	0.9066792727	0.9948849105	0.2109544469
416	0.0596095885	0.9068280458	0.9948849105	0.2109544469
417	0.0595514297	0.90694049	0.9948979592	0.2114967462
418	0.05946830885	0.9073045254	0.9949494949	0.2136659436
419	0.05938040415	0.9078367352	0.9949622166	0.214208243
420	0.05936647721	0.9079284072	0.9949367089	0.2131236443
421	0.05933685493	0.90798527	0.9949622166	0.214208243
422	0.05927443904	0.9082057178	0.9949874687	0.2152928416
423	0.05915951898	0.9087713361	0.9950617284	0.2185466377
424	0.05912660174	0.9088540077	0.995049505	0.2180043384
425	0.05898945556	0.9091660082	0.9951219512	0.2212581345
426	0.05897263144	0.9092149734	0.9951219512	0.2212581345
427	0.05896914299	0.9092638493	0.9950980392	0.2201735358
428	0.05895840887	0.9093440771	0.99513382	0.2218004338
429	0.05889193477	0.9095502496	0.99513382	0.2218004338
430	0.05885436805	0.9096370637	0.995157385	0.2228850325
431	0.05877492379	0.9096868038	0.9952038369	0.2250542299
432	0.05865652602	0.9101273715	0.9952380952	0.226681128
433	0.05861506772	0.910174489	0.9952267303	0.2261388286
434	0.05848644111	0.9106186032	0.9952606635	0.2277657267
435	0.05840552943	0.9108617902	0.9953271028	0.2310195228
436	0.05839111336	0.9108721614	0.9953379953	0.2315618221
437	0.05835123535	0.9110244215	0.9953379953	0.2315618221
438	0.05827462377	0.9113847017	0.9953271028	0.2310195228
439	0.05823736344	0.9115360379	0.9953271028	0.2310195228
440	0.05814989949	0.9118178487	0.9953596288	0.2326464208
441	0.05811601473	0.9118722081	0.9953810624	0.2337310195
442	0.05809118706	0.9119480848	0.9953810624	0.2337310195
443	0.05800177732	0.9122628868	0.995412844	0.2353579176
444	0.05798173349	0.9123173356	0.995412844	0.2353579176
445	0.05785958927	0.9127530158	0.995423341	0.2359002169
446	0.05784504957	0.9128331542	0.995423341	0.2359002169
447	0.05777970962	0.9130471647	0.995423341	0.2359002169
448	0.05776546018	0.9130825698	0.9954441913	0.2369848156
449	0.05773347822	0.9132595062	0.9954545455	0.237527115
450	0.05769343357	0.9133274555	0.9954751131	0.2386117137
451	0.05764105303	0.9135080576	0.995505618	0.2402386117
452	0.05763761295	0.9135280252	0.9954954955	0.2396963124
453	0.05751989246	0.9140709043	0.9954954955	0.2396963124
454	0.0575016493	0.9140930176	0.9955156951	0.2407809111
455	0.05747468233	0.9141620398	0.9955156951	0.2407809111
456	0.05744639307	0.914258182	0.9955156951	0.2407809111
457	0.05740192471	0.9143851697	0.995505618	0.2402386117
458	0.05740075293	0.9143990278	0.995505618	0.2402386117
459	0.05739673234	0.9144040644	0.995505618	0.2402386117
460	0.05732708691	0.9145554006	0.995545657	0.2424078091
461	0.05729100911	0.9146776795	0.995545657	0.2424078091
462	0.05727585127	0.9147332311	0.9955555556	0.2429501085
463	0.05726613843	0.9147862196	0.9955555556	0.2429501085
464	0.05720333553	0.9150490761	0.9955654102	0.2434924078
465	0.05708447014	0.9154266715	0.9955752212	0.2440347072
466	0.05705155828	0.9154947102	0.9956043956	0.2456616052
467	0.0569154925	0.915910691	0.9956043956	0.2456616052
468	0.05689545405	0.9159512818	0.9956140351	0.2462039046
469	0.0568774904	0.9160176516	0.9956236324	0.2467462039
470	0.05685129744	0.9160812199	0.9956616052	0.2489154013
471	0.05681183331	0.916220516	0.9956521739	0.248373102
472	0.05677537925	0.9162970483	0.9956989247	0.2510845987
473	0.05676716069	0.9163311422	0.9956989247	0.2510845987
474	0.0567571576	0.9163468182	0.9957081545	0.251626898
475	0.05671543592	0.9164884984	0.9956989247	0.2510845987
476	0.05671467265	0.9164936244	0.9957081545	0.251626898
477	0.05671282361	0.9165073633	0.9957081545	0.251626898
478	0.0567045298	0.9165352881	0.9956989247	0.2510845987
479	0.05669925143	0.9165578783	0.9956896552	0.2505422993
480	0.05662178521	0.9167267084	0.9956803456	0.25
481	0.05660306366	0.9167592824	0.9956803456	0.25
482	0.05656590546	0.9167943895	0.9956803456	0.25
483	0.05648374676	0.9171068072	0.9957173448	0.2521691974
484	0.05642846365	0.917268455	0.9956896552	0.2505422993
485	0.05637094987	0.9175174534	0.9957264957	0.2527114967
486	0.05635069104	0.9175477326	0.9957446809	0.2537960954
487	0.05631209768	0.9176941514	0.9957446809	0.2537960954
488	0.05616980751	0.9182066917	0.9957627119	0.2548806941
489	0.05609157265	0.9184096754	0.9958071279	0.2575921909
490	0.0559984057	0.9186782837	0.9938016529	0.260845987
491	0.05598118919	0.9187463224	0.993814433	0.2613882863
492	0.05592587383	0.9189530015	0.9938271605	0.2619305857
493	0.05591460758	0.9189975262	0.9938271605	0.2619305857
494	0.05591308105	0.9189942777	0.9938271605	0.2619305857
495	0.05591212965	0.9189966619	0.9938271605	0.2619305857
496	0.05584491378	0.9191977382	0.9958762887	0.2619305857
497	0.05579340401	0.9193297029	0.9959183673	0.2646420824
498	0.05577853642	0.9193972945	0.9959016393	0.2635574837
499	0.05576416335	0.9194712043	0.9959266802	0.2651843818
500	0.05568738514	0.9196904004	0.9959100204	0.2640997831
501	0.0555945837	0.9198684096	0.9959432049	0.2662689805
502	0.05557735107	0.9199084342	0.995959596	0.2673535792
503	0.05551184448	0.9201544523	0.9939637827	0.2678958785
504	0.05550944181	0.920173347	0.9939637827	0.2678958785
505	0.05549471935	0.9201594293	0.9939516129	0.2673535792
506	0.05547582043	0.9202099442	0.9959758551	0.2684381779
507	0.05541632323	0.9203068912	0.996007984	0.2706073753
508	0.05540528811	0.920340091	0.996007984	0.2706073753
509	0.0553453609	0.9204871655	0.9960474308	0.273318872
510	0.05527907493	0.9207297564	0.996039604	0.2727765727
511	0.0552646051	0.9208081663	0.996039604	0.2727765727
512	0.05525876772	0.9208336473	0.9960474308	0.273318872
513	0.05515979564	0.9210535586	0.99609375	0.2765726681
514	0.05510323863	0.9213396311	0.9960784314	0.2754880694
515	0.05505043883	0.9214317203	0.9960784314	0.2754880694
516	0.05501814511	0.9216886759	0.9960861057	0.2760303688
517	0.05496642571	0.9218941927	0.9960707269	0.2749457701
518	0.05495547659	0.9219141603	0.9960784314	0.2754880694
519	0.05488162245	0.9221133888	0.9961389961	0.2798264642
520	0.05475863433	0.9225355685	0.9980620155	0.2792841649
521	0.05463793602	0.9228610098	0.9961685824	0.2819956616
522	0.05462429397	0.9228763878	0.9961685824	0.2819956616
523	0.05460955001	0.9229165614	0.9961538462	0.2809110629
524	0.05460541655	0.9229355752	0.9961612284	0.2814533623
525	0.0546035245	0.9229409993	0.9961612284	0.2814533623
526	0.05452892322	0.9230937958	0.9961832061	0.2830802603
527	0.05446028831	0.9233055711	0.9962049336	0.2847071584
528	0.05442135095	0.9233652353	0.9962121212	0.2852494577
529	0.05440782715	0.9233800173	0.9962192817	0.285791757
530	0.05439220167	0.9234578907	0.9962192817	0.285791757
531	0.05438000553	0.9234738052	0.9962406015	0.2874186551
532	0.05436110123	0.9235186279	0.9962476548	0.2879609544
533	0.0543550596	0.9235399067	0.9962476548	0.2879609544
534	0.05431866466	0.9236046374	0.9962616822	0.2890455531
535	0.05425115316	0.9238564968	0.9962686567	0.2895878525
536	0.0541620498	0.9242355227	0.9962962963	0.2917570499
537	0.05407461272	0.9244487882	0.9963099631	0.2928416486
538	0.05400104884	0.924606055	0.9963369963	0.295010846
539	0.0539501572	0.9246870577	0.9981617647	0.2944685466
540	0.05394724389	0.9247143567	0.9981617647	0.2944685466
541	0.05394153014	0.9247383773	0.9981583794	0.2939262473
542	0.05385961331	0.9249768555	0.9981617647	0.2944685466
543	0.05382375589	0.9250901639	0.9981617647	0.2944685466
544	0.05373010518	0.9252294004	0.9981818182	0.2977223427
545	0.05367037685	0.925275743	0.9981981982	0.3004338395
546	0.05365792269	0.9253108799	0.9981949458	0.2998915401
547	0.05361748029	0.9254075587	0.9982014388	0.3009761388
548	0.05359779123	0.9254631102	0.9981981982	0.3004338395
549	0.05352505511	0.9258098304	0.9982078853	0.3020607375
550	0.05343846193	0.9261661768	0.9964412811	0.3036876356
551	0.05340894177	0.9263107479	0.9964349376	0.3031453362
552	0.05335414243	0.9264331162	0.9964476021	0.3042299349
553	0.05326865652	0.9266237319	0.9964539007	0.3047722343
554	0.05325832554	0.9266467392	0.9982238011	0.3047722343
555	0.05313038157	0.9271716774	0.9982238011	0.3047722343
556	0.0530542215	0.9273186028	0.9982300885	0.305856833
557	0.05302731902	0.9273826182	0.9982332155	0.3063991323
558	0.05293368981	0.9275751412	0.9982486865	0.3091106291
559	0.05291482852	0.9276155233	0.9982578397	0.3107375271
560	0.05291192058	0.9276266396	0.9982608696	0.3112798265
561	0.05288174466	0.9277072251	0.9982547993	0.3101952278
562	0.052841012	0.9278559983	0.9982578397	0.3107375271
563	0.05282747745	0.9279251099	0.9982578397	0.3107375271
564	0.05277527429	0.9280529916	0.9982608696	0.3112798265
565	0.0527207652	0.9282052517	0.9982698962	0.3129067245
566	0.05270686514	0.9282195568	0.9965457686	0.3129067245
567	0.05269811982	0.9282054305	0.9965457686	0.3129067245
568	0.05267157748	0.9282594919	0.9982758621	0.3139913232
569	0.0526669065	0.9282714128	0.9982758621	0.3139913232
570	0.05260235668	0.9284353852	0.9982817869	0.3150759219
571	0.05259874998	0.9284505546	0.9982817869	0.3150759219
572	0.05254853561	0.9285953641	0.9982847341	0.3156182213
573	0.05253467318	0.9286275208	0.9982905983	0.31670282
574	0.05252209002	0.9286984205	0.9982876712	0.3161605206
575	0.05251336083	0.9287306368	0.9982876712	0.3161605206
576	0.05249867063	0.9287241995	0.996592845	0.3172451193
577	0.05242445635	0.9289394915	0.9982935154	0.3172451193
578	0.05240990052	0.9290779233	0.9982905983	0.31670282
579	0.05232424799	0.9292918742	0.9982993197	0.318329718
580	0.05231172396	0.9293267727	0.9965986395	0.3177874187
581	0.05228613839	0.9293668866	0.9982964225	0.3177874187
582	0.05226450891	0.9294582605	0.9966044143	0.318329718
583	0.0522092473	0.9295486212	0.9966329966	0.3210412148
584	0.05210594825	0.9300161898	0.9949579832	0.3210412148
585	0.05200154193	0.9303847849	0.994966443	0.3215835141
586	0.05198257851	0.9304319918	0.9949748744	0.3221258134
587	0.05193215451	0.9306515455	0.994966443	0.3215835141
588	0.0518597839	0.9308382869	0.9949916528	0.3232104121
589	0.05182758155	0.930973947	0.9966611018	0.3237527115
590	0.05181725057	0.9309912026	0.9966555184	0.3232104121
591	0.05175605484	0.9311290383	0.996672213	0.3248373102
592	0.05169441296	0.9313841462	0.9966887417	0.3264642082
593	0.05168870459	0.9313982129	0.9966832504	0.3259219089
594	0.05165847491	0.9314615726	0.9966777409	0.3253796095
595	0.05158036367	0.931697011	0.99669967	0.3275488069
596	0.05152044184	0.9318805337	0.9966942149	0.3270065076
597	0.05142065812	0.9321345687	0.9967213115	0.3297180043
598	0.05137574899	0.932290256	0.9967213115	0.3297180043
599	0.05130469528	0.9324325919	0.9967479675	0.3324295011
600	0.05123887157	0.93258816	0.996763754	0.3340563991
601	0.05118033114	0.9327273667	0.996763754	0.3340563991
602	0.05117551503	0.9327391088	0.996763754	0.3340563991
603	0.05114705915	0.9327374101	0.9967532468	0.3329718004
604	0.0511424903	0.9327672422	0.9967479675	0.3324295011
605	0.05110861092	0.9329427779	0.9967585089	0.3335140998
606	0.05108597629	0.9331083894	0.9967585089	0.3335140998
607	0.05101859379	0.9332959652	0.9967585089	0.3335140998
608	0.05090992499	0.9337265491	0.996763754	0.3340563991
609	0.05086013526	0.9339590669	0.996763754	0.3340563991
610	0.0508026591	0.9340847731	0.9967793881	0.3356832972
611	0.05079297851	0.9341001511	0.9983870968	0.3356832972
612	0.05073219128	0.934260577	0.9967897271	0.3367678959
613	0.05072896621	0.9342750907	0.9967948718	0.3373101952
614	0.05068065463	0.9345472455	0.9983948636	0.3373101952
615	0.05054922221	0.9350607395	0.9983974359	0.3378524946
616	0.05054878145	0.9350678325	0.9983974359	0.3378524946
617	0.05050589337	0.9351953566	0.9984051037	0.3394793926
618	0.05047775999	0.935290277	0.9984025559	0.3389370933
619	0.05045892557	0.9353680015	0.9984025559	0.3389370933
620	0.05045265281	0.9353888333	0.9984025559	0.3389370933
621	0.05043839799	0.935460031	0.9984025559	0.3389370933
622	0.05043746272	0.9354801774	0.9984	0.3383947939
623	0.05038554444	0.9355937243	0.9984076433	0.340021692
624	0.05035983524	0.9356124401	0.9984152139	0.34164859
625	0.05035852909	0.9356207848	0.9984152139	0.34164859
626	0.05030950262	0.9357116818	0.9984152139	0.34164859
627	0.05029500055	0.9357963502	0.9984152139	0.34164859
628	0.05028219163	0.9358973205	0.9984076433	0.340021692
629	0.05023553022	0.9360500574	0.9984177215	0.3421908894
630	0.05016301448	0.9362422228	0.9984350548	0.3459869848
631	0.05015554844	0.9362419248	0.9984350548	0.3459869848
632	0.05005017997	0.9364987016	0.998447205	0.3486984816
633	0.05003000714	0.936555475	0.9984496124	0.3492407809
634	0.0499864203	0.9366781712	0.9984567901	0.350867679
635	0.04998073342	0.9366857708	0.998459168	0.3514099783
636	0.04997519705	0.9367242455	0.998459168	0.3514099783
637	0.04986071775	0.9370673597	0.9984615385	0.3519522777
638	0.04984298523	0.9371085167	0.998459168	0.3514099783
639	0.04981068076	0.9371871054	0.998459168	0.3514099783
640	0.04974668996	0.9374524355	0.998459168	0.3514099783
641	0.04974436791	0.9374565184	0.998459168	0.3514099783
642	0.04968509109	0.9377396405	0.9984639017	0.352494577
643	0.04967274444	0.9377397895	0.998459168	0.3514099783
644	0.04963413495	0.9378136098	0.9984615385	0.3519522777
645	0.04959797652	0.9378659427	0.9984662577	0.3530368764
646	0.04958409259	0.9379121065	0.9984686064	0.3535791757
647	0.04949711777	0.9381525815	0.9984662577	0.3530368764
648	0.04947914875	0.9382356703	0.9984639017	0.352494577
649	0.0494780361	0.9382485747	0.9984639017	0.352494577
650	0.04937072183	0.938546747	0.998470948	0.3541214751
651	0.04935192504	0.9386365712	0.9984686064	0.3535791757
652	0.049310972	0.9387596548	0.99847793	0.3557483731
653	0.04920659793	0.9389491379	0.99847793	0.3557483731
654	0.04919617557	0.9389691055	0.9984802432	0.3562906725
655	0.04912586363	0.9392285943	0.9984802432	0.3562906725
656	0.04911363523	0.9392688572	0.9984756098	0.3552060738
657	0.04910879225	0.9392913878	0.99847793	0.3557483731
658	0.04909772488	0.9393166006	0.9984756098	0.3552060738
659	0.04909460731	0.9393270016	0.9984756098	0.3552060738
660	0.04905254162	0.9394769371	0.99847793	0.3557483731
661	0.0490391307	0.9394890368	0.9984825493	0.3568329718
662	0.04901281949	0.9395037591	0.9984848485	0.3573752711
663	0.04901025556	0.9395185411	0.9984848485	0.3573752711
664	0.04900899778	0.9395253956	0.9984848485	0.3573752711
665	0.04900715411	0.9395565093	0.9984848485	0.3573752711
666	0.04896837262	0.9396186769	0.998489426	0.3584598698
667	0.0489672331	0.9396360815	0.9984871407	0.3579175705
668	0.04893011252	0.9397011101	0.9984939759	0.3595444685
669	0.04892408164	0.9397271574	0.9984917044	0.3590021692
670	0.04888657943	0.9397937953	0.9984962406	0.3600867679
671	0.04887633982	0.939843446	0.9984984985	0.3606290672
672	0.04887271162	0.9398476183	0.9984962406	0.3600867679
673	0.04883628981	0.9399466217	0.9984962406	0.3600867679
674	0.04883260247	0.9399614036	0.9984962406	0.3600867679
675	0.04883224772	0.9399544895	0.9984962406	0.3600867679
676	0.04883115657	0.9399591982	0.9984962406	0.3600867679
677	0.04882977516	0.9399682879	0.9984962406	0.3600867679
678	0.04874721332	0.9402652085	0.998502994	0.3617136659
679	0.04871826293	0.9403087199	0.998502994	0.3617136659
680	0.04870610441	0.9403568208	0.998509687	0.363340564
681	0.04862467134	0.9404369593	0.9985228951	0.3665943601
682	0.04860861049	0.9405029416	0.9985250737	0.3671366594
683	0.04855612782	0.9406318963	0.9985315712	0.3687635575
684	0.04851198733	0.9408083558	0.9985358712	0.3698481562
685	0.0485091654	0.9408249855	0.9985358712	0.3698481562
686	0.04844535197	0.9409695268	0.9970845481	0.3709327549
687	0.04843664966	0.9409882426	0.9970930233	0.3720173536
688	0.0484126175	0.9410482645	0.9970930233	0.3720173536
689	0.0483892196	0.9411153793	0.9970972424	0.3725596529
690	0.04832021919	0.9412345886	0.9985549133	0.3747288503
691	0.04830746403	0.94126454	0.998552822	0.374186551
692	0.04827976604	0.9414330125	0.998552822	0.374186551
693	0.04827829863	0.9414501786	0.998552822	0.374186551
694	0.04825955559	0.9415080249	0.9985611511	0.3763557484
695	0.04821273292	0.9416557252	0.9985549133	0.3747288503
696	0.04820077328	0.9417263865	0.9985549133	0.3747288503
697	0.04818103046	0.9417261779	0.9985569986	0.3752711497
698	0.04813486893	0.9419037104	0.9985611511	0.3763557484
699	0.04811374471	0.9419242144	0.9971346705	0.3774403471
700	0.0480593485	0.9420982003	0.9971264368	0.3763557484
701	0.04804720611	0.9421524405	0.9971223022	0.375813449
702	0.04799477181	0.9423585534	0.9985549133	0.3747288503
703	0.04795900039	0.9423941374	0.9985549133	0.3747288503
704	0.04795334577	0.9424075782	0.9985549133	0.3747288503
705	0.04794714288	0.9424443245	0.9985549133	0.3747288503
706	0.04794042935	0.942475915	0.9985549133	0.3747288503
707	0.04792775482	0.9425380826	0.998552822	0.374186551
708	0.04787970663	0.9426749349	0.9985611511	0.3763557484
709	0.04787954	0.9426732063	0.9985611511	0.3763557484
710	0.04784070476	0.9427890778	0.9985611511	0.3763557484
711	0.04783775382	0.9427723587	0.9985611511	0.3763557484
712	0.04781256601	0.9428499639	0.9985590778	0.375813449
713	0.04777553143	0.9429671764	0.9985632184	0.3768980477
714	0.04773437952	0.9431551695	0.9985611511	0.3763557484
715	0.04772294664	0.943184793	0.9985632184	0.3768980477
716	0.04771728663	0.9431996346	0.9985652798	0.3774403471
717	0.04771472808	0.9432025552	0.9985652798	0.3774403471
718	0.04761408971	0.9435048699	0.9985734665	0.3796095445
719	0.04758236575	0.9436038435	0.9985714286	0.3790672451
720	0.04757757115	0.9436292648	0.9985734665	0.3796095445
721	0.04754723397	0.9437011778	0.9985673352	0.3779826464
722	0.0474876669	0.9438928664	0.9985734665	0.3796095445
723	0.04745710396	0.9439761639	0.9985754986	0.3801518438
724	0.04740856126	0.9441049993	0.9985734665	0.3796095445
725	0.04736107745	0.9443535805	0.9985795455	0.3812364425
726	0.04732850423	0.9443795681	0.9985835694	0.3823210412
727	0.04731285725	0.9444249868	0.9985895628	0.3839479393
728	0.04728766944	0.9444894791	0.9985875706	0.3834056399
729	0.04724934484	0.9446240962	0.9985955056	0.3855748373
730	0.04724240018	0.9446351528	0.9985974755	0.3861171367
731	0.04718754171	0.9447742701	0.9985935302	0.385032538
732	0.04716363855	0.9449036419	0.9985915493	0.3844902386
733	0.04712699099	0.9450020194	0.9985895628	0.3839479393
734	0.04703892503	0.9452758729	0.9986072423	0.3888286334
735	0.04699434916	0.9453615248	0.9986072423	0.3888286334
736	0.04698695837	0.9453846514	0.9986091794	0.3893709328
737	0.04693769002	0.9454505444	0.9986052999	0.3882863341
738	0.04692840719	0.9455112815	0.9986052999	0.3882863341
739	0.04692461773	0.9454982579	0.9986052999	0.3882863341
740	0.04686536779	0.9456696808	0.998603352	0.3877440347
741	0.04673123705	0.9460993707	0.9986111111	0.3899132321
742	0.04668632255	0.946226269	0.9986111111	0.3899132321
743	0.04667219673	0.9462702572	0.9986091794	0.3893709328
744	0.04661993982	0.946375221	0.9972183588	0.3888286334
745	0.04661836491	0.946378082	0.9972222222	0.3893709328
746	0.04648064359	0.9469678104	0.9972337483	0.3909978308
747	0.04647566086	0.9469928443	0.9972337483	0.3909978308
748	0.04641832983	0.9470590055	0.9972451791	0.3926247289
749	0.04639094897	0.9471289814	0.9972489684	0.3931670282
750	0.04635842412	0.9472397864	0.9972565158	0.3942516269
751	0.04623536075	0.947707504	0.9972677596	0.3958785249
752	0.04623132941	0.9477125108	0.9972677596	0.3958785249
753	0.0461980843	0.9478489757	0.997271487	0.3964208243
754	0.04617102057	0.9479289353	0.9972752044	0.3969631236
755	0.04613793133	0.9479781091	0.9972826087	0.3980477223
756	0.04605633164	0.9482351243	0.9972862958	0.3985900217
757	0.04605387521	0.9482481778	0.9972899729	0.399132321
758	0.04603358413	0.9483068883	0.9959349593	0.3985900217
759	0.04603287999	0.9483169615	0.9959349593	0.3985900217
760	0.04602726299	0.9483204782	0.9959404601	0.399132321
761	0.0459723454	0.9484479725	0.9959623149	0.4013015184
762	0.04596256268	0.9484897554	0.9959459459	0.3996746204
763	0.04592296417	0.9485394657	0.9959623149	0.4013015184
764	0.04590322673	0.9485822618	0.9959731544	0.4023861171
765	0.0458376449	0.9487703741	0.9959677419	0.4018438178
766	0.04583714501	0.9487805665	0.9959677419	0.4018438178
767	0.04582527675	0.9488255084	0.9959677419	0.4018438178
768	0.04579578346	0.948887676	0.9959893048	0.4040130152
769	0.04574260203	0.9489733875	0.9959839357	0.4034707158
770	0.04568320696	0.9492187202	0.9959946595	0.4045553145
771	0.04567117744	0.949306488	0.9959946595	0.4045553145
772	0.04559715129	0.9495311677	0.9959946595	0.4045553145
773	0.04555355907	0.9496118128	0.9959946595	0.4045553145
774	0.04552366803	0.9496954083	0.9959946595	0.4045553145
775	0.04547160462	0.9497888088	0.9960106383	0.4061822126
776	0.04546976633	0.9497803748	0.9960159363	0.4067245119
777	0.04542797477	0.9499168694	0.9960212202	0.4072668113
778	0.04534304788	0.9501026571	0.9960369881	0.4088937093
779	0.04532827705	0.9501484931	0.9960422164	0.4094360087
780	0.04523346531	0.9503746331	0.9960526316	0.4105206074
781	0.04520019332	0.9505183995	0.996068152	0.4121475054
782	0.04514938232	0.9506593645	0.997378768	0.4126898048
783	0.04514917806	0.9506627619	0.997378768	0.4126898048
784	0.04511539544	0.9507545233	0.9973753281	0.4121475054
785	0.04511415378	0.9507528841	0.9973753281	0.4121475054
786	0.04511294976	0.9507602751	0.9973753281	0.4121475054
787	0.04509143853	0.9507450759	0.997382199	0.4132321041
788	0.04507639088	0.9507680833	0.997382199	0.4132321041
789	0.04506044559	0.9508308172	0.997382199	0.4132321041
790	0.04503746695	0.9508416355	0.997382199	0.4132321041
791	0.0449781095	0.9509918392	0.9973856209	0.4137744035
792	0.0449726	0.9510259628	0.9973856209	0.4137744035
793	0.04490376353	0.9511659443	0.99609375	0.4148590022
794	0.04489518216	0.9511859119	0.99609375	0.4148590022
795	0.04483128273	0.9514275491	0.9961038961	0.4159436009
796	0.04479837356	0.9514699578	0.9961139896	0.4170281996
797	0.04479217874	0.9514979422	0.9961139896	0.4170281996
798	0.0447855969	0.9515113831	0.9961190168	0.4175704989
799	0.04478497876	0.9515119791	0.9961190168	0.4175704989
800	0.04478122155	0.9514970779	0.996124031	0.4181127983
801	0.04470633807	0.9517388344	0.996124031	0.4181127983
802	0.04468385664	0.9517763853	0.996124031	0.4181127983
803	0.0446501197	0.9519222379	0.9961290323	0.4186550976
804	0.04464738645	0.9519253075	0.996124031	0.4181127983
805	0.04461800873	0.9519849718	0.9961190168	0.4175704989
806	0.0446075165	0.9519976974	0.996124031	0.4181127983
807	0.04460181887	0.9520133138	0.996124031	0.4181127983
808	0.04459043168	0.9520391226	0.9961290323	0.4186550976
809	0.04455329229	0.9521755278	0.9961389961	0.4197396963
810	0.04452724446	0.9522381425	0.9961340206	0.419197397
811	0.04447073851	0.952355653	0.9961685824	0.4229934924
812	0.04441270335	0.9524812102	0.9961832061	0.4246203905
813	0.04440255243	0.9524954557	0.9961832061	0.4246203905
814	0.04436012393	0.952524513	0.9961880559	0.4251626898
815	0.0442842138	0.9526984692	0.9961928934	0.4257049892
816	0.04424417991	0.9527413249	0.9961977186	0.4262472885
817	0.04421442056	0.9527835846	0.9961928934	0.4257049892
818	0.04421236726	0.9527860284	0.9961977186	0.4262472885
819	0.044206073	0.9528115988	0.9961928934	0.4257049892
820	0.04418134744	0.9529295564	0.9961880559	0.4251626898
821	0.04410234125	0.9532030821	0.9961880559	0.4251626898
822	0.04409569491	0.9532040358	0.9961832061	0.4246203905
823	0.04409113681	0.9531995058	0.9961928934	0.4257049892
824	0.04404187653	0.9532716274	0.9962073325	0.4273318872
825	0.04398988837	0.9533591568	0.9962311558	0.4300433839
826	0.04397376301	0.9533878863	0.9962168979	0.4284164859
827	0.0439140508	0.9535140991	0.9962311558	0.4300433839
828	0.04390348063	0.9535514712	0.9962311558	0.4300433839
829	0.04387558645	0.9536115527	0.9962311558	0.4300433839
830	0.04382578596	0.9537002146	0.9962406015	0.4311279826
831	0.04378129072	0.9537997246	0.9962546816	0.4327548807
832	0.04365655838	0.9542203546	0.99626401	0.4338394794
833	0.04363211234	0.954243958	0.9962779156	0.4354663774
834	0.04361321342	0.9543012381	0.9962779156	0.4354663774
835	0.04361091555	0.9543116689	0.9962779156	0.4354663774
836	0.04357888521	0.9544294775	0.9962871287	0.4365509761
837	0.04357582408	0.9544485211	0.9962825279	0.4360086768
838	0.04356760015	0.9544862509	0.9962825279	0.4360086768
839	0.04356046737	0.9544809461	0.9962825279	0.4360086768
840	0.04354558903	0.9545173645	0.9962825279	0.4360086768
841	0.04351838018	0.954603821	0.9962779156	0.4354663774
842	0.04349148308	0.954659313	0.9962779156	0.4354663774
843	0.04344729691	0.9549787045	0.9962871287	0.4365509761
844	0.0434153472	0.9550659657	0.9962962963	0.4376355748
845	0.04335102583	0.9551659524	0.9963099631	0.4392624729
846	0.04334874678	0.9551686347	0.9963190184	0.4403470716
847	0.04333495959	0.955196619	0.9963190184	0.4403470716
848	0.04328985965	0.9552457631	0.9963099631	0.4392624729
849	0.04326199772	0.9553175569	0.9963144963	0.4398047722
850	0.04325211287	0.9553522766	0.9963144963	0.4398047722
851	0.04324653619	0.9553647935	0.9963054187	0.4387201735
852	0.04318836664	0.9555298686	0.9963099631	0.4392624729
853	0.04318381391	0.9555453658	0.9963054187	0.4387201735
854	0.0431830614	0.9555475414	0.9963144963	0.4398047722
855	0.04313049273	0.9556256235	0.9963235294	0.4408893709
856	0.04312455591	0.9556374252	0.9963235294	0.4408893709
857	0.04311800364	0.9556453526	0.9963325183	0.4419739696
858	0.04310957007	0.9556863308	0.9963325183	0.4419739696
859	0.04310131389	0.9556816518	0.9963369963	0.442516269
860	0.04304026059	0.9557556212	0.9963414634	0.4430585683
861	0.04302834126	0.9557659924	0.9963414634	0.4430585683
862	0.04296500354	0.9558916092	0.9963459196	0.4436008677
863	0.04291895489	0.9559670985	0.9963547995	0.4446854664
864	0.04291575669	0.9559824169	0.9963547995	0.4446854664
865	0.04289763448	0.9560337365	0.996350365	0.444143167
866	0.04288662892	0.9560860097	0.9963547995	0.4446854664
867	0.04286252688	0.9561722577	0.9963636364	0.4457700651
868	0.04280527917	0.9563373029	0.9963547995	0.4446854664
869	0.04268713673	0.956728369	0.9963680387	0.4463123644
870	0.04266008106	0.9567765594	0.9963724305	0.4468546638
871	0.04258946005	0.9569172859	0.9963680387	0.4463123644
872	0.04251539359	0.9571501315	0.9963768116	0.4473969631
873	0.04251080593	0.95714885	0.9963768116	0.4473969631
874	0.04248688127	0.9571956098	0.9963811821	0.4479392625
875	0.04241755029	0.957434684	0.9963942308	0.4495661605
876	0.04237772871	0.9574602246	0.9975932611	0.4495661605
877	0.04231721293	0.9576037824	0.9976019185	0.4511930586
878	0.04229048246	0.9576528072	0.9976105137	0.4528199566
879	0.04229009545	0.9576485157	0.9976105137	0.4528199566
880	0.04227496449	0.95768857	0.9976105137	0.4528199566
881	0.04227251881	0.95770064	0.9976105137	0.4528199566
882	0.04227066439	0.9577254951	0.9976076555	0.4522776573
883	0.04225501204	0.9577645361	0.9976105137	0.4528199566
884	0.04223177002	0.957824111	0.9976133652	0.453362256
885	0.04216086144	0.9579255581	0.9976162098	0.4539045553
886	0.04213480286	0.9580130577	0.9976190476	0.4544468547
887	0.04212993569	0.9580305815	0.9976190476	0.4544468547
888	0.04209970602	0.9580861926	0.9976247031	0.4555314534
889	0.04206934466	0.9581906497	0.9976303318	0.4566160521
890	0.04203999113	0.9582391679	0.9976247031	0.4555314534
891	0.04201520914	0.9582845867	0.9976275208	0.4560737527
892	0.0420038112	0.9582857788	0.9976218787	0.454989154
893	0.04199654135	0.9582941234	0.9976218787	0.454989154
894	0.04196306241	0.9583990276	0.9976275208	0.4560737527
895	0.04193619488	0.9584466815	0.9976359338	0.4577006508
896	0.04186134902	0.9585882723	0.9976275208	0.4560737527
897	0.04183686804	0.9586292803	0.9976331361	0.4571583514
898	0.04183204387	0.9586502016	0.9976303318	0.4566160521
899	0.04182682732	0.9586580694	0.9976303318	0.4566160521
900	0.04182278254	0.9586676657	0.9976303318	0.4566160521
901	0.04180460657	0.9587254226	0.9976359338	0.4577006508
902	0.04177564543	0.9587365985	0.9976415094	0.4587852495
903	0.04175215884	0.9588306248	0.9976470588	0.4598698482
904	0.04171684431	0.9588730037	0.9976415094	0.4587852495
905	0.04170818499	0.9589005411	0.9976442874	0.4593275488
906	0.04168040637	0.9589489996	0.9976525822	0.4609544469
907	0.04165510568	0.9590275586	0.9976525822	0.4609544469
908	0.04164098793	0.9590741098	0.9976553341	0.4614967462
909	0.04161518467	0.9591137469	0.9976635514	0.4631236443
910	0.04152617537	0.959204644	0.9976689977	0.464208243
911	0.04151551113	0.9592293799	0.9976689977	0.464208243
912	0.04149449173	0.9592633843	0.9976771196	0.465835141
913	0.04148301853	0.9592737257	0.9976771196	0.465835141
914	0.0414695888	0.9593094289	0.9976798144	0.4663774403
915	0.04139029234	0.9594224095	0.9976798144	0.4663774403
916	0.04136703958	0.9594809115	0.9976771196	0.465835141
917	0.04132356292	0.9596053064	0.9976825029	0.4669197397
918	0.04127385381	0.9597049057	0.9976905312	0.4685466377
919	0.04123380111	0.9598049819	0.9976878613	0.4680043384
920	0.04123310772	0.9598044753	0.9976878613	0.4680043384
921	0.04122861949	0.9598176479	0.9976905312	0.4685466377
922	0.04122287618	0.959818095	0.9976905312	0.4685466377
923	0.04118284229	0.9598945677	0.9976878613	0.4680043384
924	0.04117096596	0.9599145055	0.9976878613	0.4680043384
925	0.04116795858	0.9599076211	0.9976878613	0.4680043384
926	0.04113334281	0.9599996805	0.9976878613	0.4680043384
927	0.04112042371	0.9600295424	0.9976958525	0.4696312364
928	0.04110490305	0.9600864351	0.997698504	0.4701735358
929	0.0410544038	0.96014148	0.9977090493	0.4723427332
930	0.04102364199	0.9602221251	0.9977090493	0.4723427332
931	0.04101779924	0.9602479041	0.9977116705	0.4728850325
932	0.04097104913	0.9603911638	0.9977116705	0.4728850325
933	0.04091434968	0.9604668915	0.9977194983	0.4745119306
934	0.04090881062	0.9604867101	0.9977194983	0.4745119306
935	0.04084093092	0.9606764317	0.9977194983	0.4745119306
936	0.04084062454	0.9606769681	0.9977194983	0.4745119306
937	0.0408154421	0.9606949687	0.9977194983	0.4745119306
938	0.04077594841	0.9607975185	0.9977272727	0.4761388286
939	0.04074196153	0.9608281851	0.9977272727	0.4761388286
940	0.0407395266	0.960837543	0.9977272727	0.4761388286
941	0.04071063802	0.9608405828	0.9977324263	0.4772234273
942	0.04066255489	0.9609470963	0.9977272727	0.4761388286
943	0.04065315649	0.9609473944	0.9977272727	0.4761388286
944	0.04060774479	0.9610551298	0.9977349943	0.4777657267
945	0.04059521001	0.9611007273	0.997740113	0.4788503254
946	0.0405570816	0.9611347616	0.9977452086	0.4799349241
947	0.04054705163	0.9611466527	0.9977426637	0.4793926247
948	0.04053312738	0.961171627	0.9977426637	0.4793926247
949	0.04052665305	0.9611933529	0.997740113	0.4788503254
950	0.04051866024	0.9612102211	0.997740113	0.4788503254
951	0.04047672087	0.9613492489	0.997740113	0.4788503254
952	0.04043161556	0.9614037871	0.9977452086	0.4799349241
953	0.04043009171	0.9614053071	0.9977452086	0.4799349241
954	0.04041241025	0.9614661932	0.9977452086	0.4799349241
955	0.0403775526	0.9615122676	0.997740113	0.4788503254
956	0.0403569202	0.9615821838	0.9977452086	0.4799349241
957	0.04033675007	0.9616257548	0.9977477477	0.4804772234
958	0.04030765992	0.9616482258	0.9977477477	0.4804772234
959	0.04025530088	0.9617977142	0.9977578475	0.4826464208
960	0.04024852823	0.9618078768	0.9977578475	0.4826464208
961	0.04021469454	0.9618513584	0.9977578475	0.4826464208
962	0.04018581671	0.961904496	0.9977603583	0.4831887202
963	0.04012538155	0.9621125162	0.9977753059	0.4864425163
964	0.04008313311	0.9622079432	0.9977703456	0.4853579176
965	0.04005162953	0.9622467458	0.9977777778	0.4869848156
966	0.03998779998	0.9623571634	0.9977728285	0.4859002169
967	0.03993466155	0.9624840617	0.9977851606	0.4886117137
968	0.03991106477	0.9625438452	0.9977851606	0.4886117137
969	0.03989164984	0.9625744224	0.9977777778	0.4869848156
970	0.03988133499	0.9626083672	0.9977802442	0.487527115
971	0.03986728174	0.9626260996	0.9977876106	0.489154013
972	0.03985222871	0.9626851082	0.9977851606	0.4886117137
973	0.03983033048	0.9627276361	0.9977876106	0.489154013
974	0.03982391527	0.9627750218	0.9977900552	0.4896963124
975	0.03982186735	0.9627769589	0.9977900552	0.4896963124
976	0.039772298	0.9629047811	0.9977924945	0.4902386117
977	0.03973709634	0.9629506469	0.9977973568	0.4913232104
978	0.03972291408	0.9629686475	0.9977973568	0.4913232104
979	0.0396817541	0.9630135	0.9977973568	0.4913232104
980	0.03968074358	0.9630129337	0.9977949283	0.4907809111
981	0.03959343014	0.9632079005	0.9978165939	0.4956616052
982	0.0395654392	0.9632329345	0.9978284473	0.498373102
983	0.03956252857	0.9632560611	0.9978237214	0.4972885033
984	0.03951883154	0.963359952	0.9978237214	0.4972885033
985	0.03950760829	0.9633796811	0.997826087	0.4978308026
986	0.03946784047	0.9634231925	0.9978308026	0.4989154013
987	0.03945414466	0.9634384811	0.9978308026	0.4989154013
988	0.03944541547	0.9634488821	0.9978331528	0.4994577007
989	0.03944324929	0.9634491205	0.9978308026	0.4989154013
990	0.03939904162	0.9636471272	0.9978354978	0.5
991	0.03930900837	0.9638629556	0.9978331528	0.4994577007
992	0.03930127626	0.9638775885	0.9978331528	0.4994577007
993	0.03926707706	0.963948369	0.9978378378	0.5005422993
994	0.0392622287	0.9639532566	0.9978378378	0.5005422993
995	0.03924141623	0.9639872909	0.9978378378	0.5005422993
996	0.03923294505	0.9640042186	0.9978354978	0.5
997	0.03915788419	0.9641249478	0.9978425027	0.501626898
998	0.03915313796	0.9641259909	0.9978425027	0.501626898
999	0.03911373564	0.9641830325	0.9978425027	0.501626898
